INSERT INTO [acc].[Role] ([Id], [Name], [Description], [EntityInfoId]) VALUES
(1, N'RP Admin',	N'', 1),
(2, N'RP Manager',	N'', 2)

-- RP Admin Role
INSERT INTO [acc].[RoleEntityTypeAccess] ([RoleId], [EntityTypeId], [AccessTypeId]) VALUES (1, 1, 3) /* User */
INSERT INTO [acc].[RoleEntityStateAccess] ([RoleId], [EntityTypeId], [EntityStateId], [AccessTypeId]) VALUES (1, 1, 1, 3)
INSERT INTO [acc].[RoleEntityStateAccess] ([RoleId], [EntityTypeId], [EntityStateId], [AccessTypeId]) VALUES (1, 1, 2, 3)
INSERT INTO [acc].[RoleEntityStateAccess] ([RoleId], [EntityTypeId], [EntityStateId], [AccessTypeId]) VALUES (1, 1, 3, 3)
INSERT INTO [acc].[RoleEntityStateAccess] ([RoleId], [EntityTypeId], [EntityStateId], [AccessTypeId]) VALUES (1, 1, 4, 3)
INSERT INTO [acc].[RoleEntityStateTransitionAccess] ([RoleId], [EntityTypeId], [EntityStateTransitionId]) VALUES (1, 1, 1)
INSERT INTO [acc].[RoleEntityStateTransitionAccess] ([RoleId], [EntityTypeId], [EntityStateTransitionId]) VALUES (1, 1, 2)
INSERT INTO [acc].[RoleEntityStateTransitionAccess] ([RoleId], [EntityTypeId], [EntityStateTransitionId]) VALUES (1, 1, 3)
INSERT INTO [acc].[RoleEntityStateTransitionAccess] ([RoleId], [EntityTypeId], [EntityStateTransitionId]) VALUES (1, 1, 4)
INSERT INTO [acc].[RoleEntityStateTransitionAccess] ([RoleId], [EntityTypeId], [EntityStateTransitionId]) VALUES (1, 1, 5)
INSERT INTO [acc].[RoleEntityStateTransitionAccess] ([RoleId], [EntityTypeId], [EntityStateTransitionId]) VALUES (1, 1, 6)
INSERT INTO [acc].[RoleEntityStateTransitionAccess] ([RoleId], [EntityTypeId], [EntityStateTransitionId]) VALUES (1, 1, 7)

INSERT INTO [acc].[RoleEntityTypeAccess] ([RoleId], [EntityTypeId], [AccessTypeId]) VALUES (1, 2, 3) /* Organization */
INSERT INTO [acc].[RoleEntityStateAccess] ([RoleId], [EntityTypeId], [EntityStateId], [AccessTypeId]) VALUES (1, 2, 5, 3)
INSERT INTO [acc].[RoleEntityStateAccess] ([RoleId], [EntityTypeId], [EntityStateId], [AccessTypeId]) VALUES (1, 2, 6, 3)
INSERT INTO [acc].[RoleEntityStateAccess] ([RoleId], [EntityTypeId], [EntityStateId], [AccessTypeId]) VALUES (1, 2, 7, 3)
INSERT INTO [acc].[RoleEntityStateAccess] ([RoleId], [EntityTypeId], [EntityStateId], [AccessTypeId]) VALUES (1, 2, 8, 3)
INSERT INTO [acc].[RoleEntityStateAccess] ([RoleId], [EntityTypeId], [EntityStateId], [AccessTypeId]) VALUES (1, 2, 9, 3)
INSERT INTO [acc].[RoleEntityStateAccess] ([RoleId], [EntityTypeId], [EntityStateId], [AccessTypeId]) VALUES (1, 2, 10, 3)
INSERT INTO [acc].[RoleEntityStateTransitionAccess] ([RoleId], [EntityTypeId], [EntityStateTransitionId]) VALUES (1, 2, 8)
INSERT INTO [acc].[RoleEntityStateTransitionAccess] ([RoleId], [EntityTypeId], [EntityStateTransitionId]) VALUES (1, 2, 9)
INSERT INTO [acc].[RoleEntityStateTransitionAccess] ([RoleId], [EntityTypeId], [EntityStateTransitionId]) VALUES (1, 2, 10)
INSERT INTO [acc].[RoleEntityStateTransitionAccess] ([RoleId], [EntityTypeId], [EntityStateTransitionId]) VALUES (1, 2, 11)
INSERT INTO [acc].[RoleEntityStateTransitionAccess] ([RoleId], [EntityTypeId], [EntityStateTransitionId]) VALUES (1, 2, 12)
INSERT INTO [acc].[RoleEntityStateTransitionAccess] ([RoleId], [EntityTypeId], [EntityStateTransitionId]) VALUES (1, 2, 13)
INSERT INTO [acc].[RoleEntityStateTransitionAccess] ([RoleId], [EntityTypeId], [EntityStateTransitionId]) VALUES (1, 2, 14)
INSERT INTO [acc].[RoleEntityStateTransitionAccess] ([RoleId], [EntityTypeId], [EntityStateTransitionId]) VALUES (1, 2, 15)
INSERT INTO [acc].[RoleEntityStateTransitionAccess] ([RoleId], [EntityTypeId], [EntityStateTransitionId]) VALUES (1, 2, 16)
INSERT INTO [acc].[RoleEntityStateTransitionAccess] ([RoleId], [EntityTypeId], [EntityStateTransitionId]) VALUES (1, 2, 17)
INSERT INTO [acc].[RoleEntityStateTransitionAccess] ([RoleId], [EntityTypeId], [EntityStateTransitionId]) VALUES (1, 2, 18)
INSERT INTO [acc].[RoleEntityStateTransitionAccess] ([RoleId], [EntityTypeId], [EntityStateTransitionId]) VALUES (1, 2, 19)
INSERT INTO [acc].[RoleEntityStateTransitionAccess] ([RoleId], [EntityTypeId], [EntityStateTransitionId]) VALUES (1, 2, 20)
INSERT INTO [acc].[RoleEntityStateTransitionAccess] ([RoleId], [EntityTypeId], [EntityStateTransitionId]) VALUES (1, 2, 21)
INSERT INTO [acc].[RoleEntityStateTransitionAccess] ([RoleId], [EntityTypeId], [EntityStateTransitionId]) VALUES (1, 2, 22)
INSERT INTO [acc].[RoleEntityStateTransitionAccess] ([RoleId], [EntityTypeId], [EntityStateTransitionId]) VALUES (1, 2, 23)
INSERT INTO [acc].[RoleEntityStateTransitionAccess] ([RoleId], [EntityTypeId], [EntityStateTransitionId]) VALUES (1, 2, 24)
INSERT INTO [acc].[RoleEntityStateTransitionAccess] ([RoleId], [EntityTypeId], [EntityStateTransitionId]) VALUES (1, 2, 25)
INSERT INTO [acc].[RoleEntityStateTransitionAccess] ([RoleId], [EntityTypeId], [EntityStateTransitionId]) VALUES (1, 2, 26)

INSERT INTO [acc].[RoleEntityTypeAccess] ([RoleId], [EntityTypeId], [AccessTypeId]) VALUES (1, 3, 3) /* Member */
INSERT INTO [acc].[RoleEntityStateAccess] ([RoleId], [EntityTypeId], [EntityStateId], [AccessTypeId]) VALUES (1, 3, 11, 3)
INSERT INTO [acc].[RoleEntityStateAccess] ([RoleId], [EntityTypeId], [EntityStateId], [AccessTypeId]) VALUES (1, 3, 12, 3)
INSERT INTO [acc].[RoleEntityStateAccess] ([RoleId], [EntityTypeId], [EntityStateId], [AccessTypeId]) VALUES (1, 3, 13, 3)
INSERT INTO [acc].[RoleEntityStateAccess] ([RoleId], [EntityTypeId], [EntityStateId], [AccessTypeId]) VALUES (1, 3, 14, 3)
INSERT INTO [acc].[RoleEntityStateAccess] ([RoleId], [EntityTypeId], [EntityStateId], [AccessTypeId]) VALUES (1, 3, 15, 3)
INSERT INTO [acc].[RoleEntityStateTransitionAccess] ([RoleId], [EntityTypeId], [EntityStateTransitionId]) VALUES (1, 3, 27)
INSERT INTO [acc].[RoleEntityStateTransitionAccess] ([RoleId], [EntityTypeId], [EntityStateTransitionId]) VALUES (1, 3, 28)
INSERT INTO [acc].[RoleEntityStateTransitionAccess] ([RoleId], [EntityTypeId], [EntityStateTransitionId]) VALUES (1, 3, 29)
INSERT INTO [acc].[RoleEntityStateTransitionAccess] ([RoleId], [EntityTypeId], [EntityStateTransitionId]) VALUES (1, 3, 30)
INSERT INTO [acc].[RoleEntityStateTransitionAccess] ([RoleId], [EntityTypeId], [EntityStateTransitionId]) VALUES (1, 3, 31)
INSERT INTO [acc].[RoleEntityStateTransitionAccess] ([RoleId], [EntityTypeId], [EntityStateTransitionId]) VALUES (1, 3, 32)
INSERT INTO [acc].[RoleEntityStateTransitionAccess] ([RoleId], [EntityTypeId], [EntityStateTransitionId]) VALUES (1, 3, 33)
INSERT INTO [acc].[RoleEntityStateTransitionAccess] ([RoleId], [EntityTypeId], [EntityStateTransitionId]) VALUES (1, 3, 34)
INSERT INTO [acc].[RoleEntityStateTransitionAccess] ([RoleId], [EntityTypeId], [EntityStateTransitionId]) VALUES (1, 3, 35)
INSERT INTO [acc].[RoleEntityStateTransitionAccess] ([RoleId], [EntityTypeId], [EntityStateTransitionId]) VALUES (1, 3, 36)
INSERT INTO [acc].[RoleEntityStateTransitionAccess] ([RoleId], [EntityTypeId], [EntityStateTransitionId]) VALUES (1, 3, 37)
INSERT INTO [acc].[RoleEntityStateTransitionAccess] ([RoleId], [EntityTypeId], [EntityStateTransitionId]) VALUES (1, 3, 38)

INSERT INTO [acc].[RoleEntityTypeAccess] ([RoleId], [EntityTypeId], [AccessTypeId]) VALUES (1, 4, 3) /* Pigeon */
INSERT INTO [acc].[RoleEntityStateAccess] ([RoleId], [EntityTypeId], [EntityStateId], [AccessTypeId]) VALUES (1, 4, 16, 3)
INSERT INTO [acc].[RoleEntityStateAccess] ([RoleId], [EntityTypeId], [EntityStateId], [AccessTypeId]) VALUES (1, 4, 17, 3)
INSERT INTO [acc].[RoleEntityStateAccess] ([RoleId], [EntityTypeId], [EntityStateId], [AccessTypeId]) VALUES (1, 4, 18, 3)
INSERT INTO [acc].[RoleEntityStateAccess] ([RoleId], [EntityTypeId], [EntityStateId], [AccessTypeId]) VALUES (1, 4, 19, 3)
INSERT INTO [acc].[RoleEntityStateAccess] ([RoleId], [EntityTypeId], [EntityStateId], [AccessTypeId]) VALUES (1, 4, 20, 3)
INSERT INTO [acc].[RoleEntityStateTransitionAccess] ([RoleId], [EntityTypeId], [EntityStateTransitionId]) VALUES (1, 4, 39)
INSERT INTO [acc].[RoleEntityStateTransitionAccess] ([RoleId], [EntityTypeId], [EntityStateTransitionId]) VALUES (1, 4, 40)
INSERT INTO [acc].[RoleEntityStateTransitionAccess] ([RoleId], [EntityTypeId], [EntityStateTransitionId]) VALUES (1, 4, 41)
INSERT INTO [acc].[RoleEntityStateTransitionAccess] ([RoleId], [EntityTypeId], [EntityStateTransitionId]) VALUES (1, 4, 42)
INSERT INTO [acc].[RoleEntityStateTransitionAccess] ([RoleId], [EntityTypeId], [EntityStateTransitionId]) VALUES (1, 4, 43)
INSERT INTO [acc].[RoleEntityStateTransitionAccess] ([RoleId], [EntityTypeId], [EntityStateTransitionId]) VALUES (1, 4, 44)
INSERT INTO [acc].[RoleEntityStateTransitionAccess] ([RoleId], [EntityTypeId], [EntityStateTransitionId]) VALUES (1, 4, 45)
INSERT INTO [acc].[RoleEntityStateTransitionAccess] ([RoleId], [EntityTypeId], [EntityStateTransitionId]) VALUES (1, 4, 46)
INSERT INTO [acc].[RoleEntityStateTransitionAccess] ([RoleId], [EntityTypeId], [EntityStateTransitionId]) VALUES (1, 4, 47)
INSERT INTO [acc].[RoleEntityStateTransitionAccess] ([RoleId], [EntityTypeId], [EntityStateTransitionId]) VALUES (1, 4, 48)
INSERT INTO [acc].[RoleEntityStateTransitionAccess] ([RoleId], [EntityTypeId], [EntityStateTransitionId]) VALUES (1, 4, 49)
INSERT INTO [acc].[RoleEntityStateTransitionAccess] ([RoleId], [EntityTypeId], [EntityStateTransitionId]) VALUES (1, 4, 50)

INSERT INTO [acc].[RoleEntityTypeAccess] ([RoleId], [EntityTypeId], [AccessTypeId]) VALUES (1, 5, 3) /* Season */
INSERT INTO [acc].[RoleEntityStateAccess] ([RoleId], [EntityTypeId], [EntityStateId], [AccessTypeId]) VALUES (1, 5, 21, 3)
INSERT INTO [acc].[RoleEntityStateAccess] ([RoleId], [EntityTypeId], [EntityStateId], [AccessTypeId]) VALUES (1, 5, 22, 3)
INSERT INTO [acc].[RoleEntityStateAccess] ([RoleId], [EntityTypeId], [EntityStateId], [AccessTypeId]) VALUES (1, 5, 23, 3)
INSERT INTO [acc].[RoleEntityStateAccess] ([RoleId], [EntityTypeId], [EntityStateId], [AccessTypeId]) VALUES (1, 5, 24, 3)
INSERT INTO [acc].[RoleEntityStateTransitionAccess] ([RoleId], [EntityTypeId], [EntityStateTransitionId]) VALUES (1, 5, 51)
INSERT INTO [acc].[RoleEntityStateTransitionAccess] ([RoleId], [EntityTypeId], [EntityStateTransitionId]) VALUES (1, 5, 52)
INSERT INTO [acc].[RoleEntityStateTransitionAccess] ([RoleId], [EntityTypeId], [EntityStateTransitionId]) VALUES (1, 5, 53)
INSERT INTO [acc].[RoleEntityStateTransitionAccess] ([RoleId], [EntityTypeId], [EntityStateTransitionId]) VALUES (1, 5, 54)
INSERT INTO [acc].[RoleEntityStateTransitionAccess] ([RoleId], [EntityTypeId], [EntityStateTransitionId]) VALUES (1, 5, 55)
INSERT INTO [acc].[RoleEntityStateTransitionAccess] ([RoleId], [EntityTypeId], [EntityStateTransitionId]) VALUES (1, 5, 56)
INSERT INTO [acc].[RoleEntityStateTransitionAccess] ([RoleId], [EntityTypeId], [EntityStateTransitionId]) VALUES (1, 5, 57)

INSERT INTO [acc].[RoleEntityTypeAccess] ([RoleId], [EntityTypeId], [AccessTypeId]) VALUES (1, 6, 3) /* Race */
INSERT INTO [acc].[RoleEntityStateAccess] ([RoleId], [EntityTypeId], [EntityStateId], [AccessTypeId]) VALUES (1, 6, 25, 3)
INSERT INTO [acc].[RoleEntityStateAccess] ([RoleId], [EntityTypeId], [EntityStateId], [AccessTypeId]) VALUES (1, 6, 26, 3)
INSERT INTO [acc].[RoleEntityStateAccess] ([RoleId], [EntityTypeId], [EntityStateId], [AccessTypeId]) VALUES (1, 6, 27, 3)
INSERT INTO [acc].[RoleEntityStateAccess] ([RoleId], [EntityTypeId], [EntityStateId], [AccessTypeId]) VALUES (1, 6, 28, 3)
INSERT INTO [acc].[RoleEntityStateTransitionAccess] ([RoleId], [EntityTypeId], [EntityStateTransitionId]) VALUES (1, 6, 58)
INSERT INTO [acc].[RoleEntityStateTransitionAccess] ([RoleId], [EntityTypeId], [EntityStateTransitionId]) VALUES (1, 6, 59)
INSERT INTO [acc].[RoleEntityStateTransitionAccess] ([RoleId], [EntityTypeId], [EntityStateTransitionId]) VALUES (1, 6, 60)
INSERT INTO [acc].[RoleEntityStateTransitionAccess] ([RoleId], [EntityTypeId], [EntityStateTransitionId]) VALUES (1, 6, 61)
INSERT INTO [acc].[RoleEntityStateTransitionAccess] ([RoleId], [EntityTypeId], [EntityStateTransitionId]) VALUES (1, 6, 62)
INSERT INTO [acc].[RoleEntityStateTransitionAccess] ([RoleId], [EntityTypeId], [EntityStateTransitionId]) VALUES (1, 6, 63)
INSERT INTO [acc].[RoleEntityStateTransitionAccess] ([RoleId], [EntityTypeId], [EntityStateTransitionId]) VALUES (1, 6, 64)

INSERT INTO [acc].[RoleEntityTypeAccess] ([RoleId], [EntityTypeId], [AccessTypeId]) VALUES (1, 7, 3) /* Result */
INSERT INTO [acc].[RoleEntityStateAccess] ([RoleId], [EntityTypeId], [EntityStateId], [AccessTypeId]) VALUES (1, 7, 29, 3)
INSERT INTO [acc].[RoleEntityStateAccess] ([RoleId], [EntityTypeId], [EntityStateId], [AccessTypeId]) VALUES (1, 7, 30, 3)
INSERT INTO [acc].[RoleEntityStateAccess] ([RoleId], [EntityTypeId], [EntityStateId], [AccessTypeId]) VALUES (1, 7, 31, 3)
INSERT INTO [acc].[RoleEntityStateTransitionAccess] ([RoleId], [EntityTypeId], [EntityStateTransitionId]) VALUES (1, 7, 65)
INSERT INTO [acc].[RoleEntityStateTransitionAccess] ([RoleId], [EntityTypeId], [EntityStateTransitionId]) VALUES (1, 7, 66)
INSERT INTO [acc].[RoleEntityStateTransitionAccess] ([RoleId], [EntityTypeId], [EntityStateTransitionId]) VALUES (1, 7, 67)
INSERT INTO [acc].[RoleEntityStateTransitionAccess] ([RoleId], [EntityTypeId], [EntityStateTransitionId]) VALUES (1, 7, 68)

INSERT INTO [acc].[RoleEntityTypeAccess] ([RoleId], [EntityTypeId], [AccessTypeId]) VALUES (1, 8, 3) /* Role */
INSERT INTO [acc].[RoleEntityStateAccess] ([RoleId], [EntityTypeId], [EntityStateId], [AccessTypeId]) VALUES (1, 8, 32, 3)
INSERT INTO [acc].[RoleEntityStateAccess] ([RoleId], [EntityTypeId], [EntityStateId], [AccessTypeId]) VALUES (1, 8, 33, 3)
INSERT INTO [acc].[RoleEntityStateAccess] ([RoleId], [EntityTypeId], [EntityStateId], [AccessTypeId]) VALUES (1, 8, 34, 3)
INSERT INTO [acc].[RoleEntityStateAccess] ([RoleId], [EntityTypeId], [EntityStateId], [AccessTypeId]) VALUES (1, 8, 35, 3)
INSERT INTO [acc].[RoleEntityStateTransitionAccess] ([RoleId], [EntityTypeId], [EntityStateTransitionId]) VALUES (1, 8, 69)
INSERT INTO [acc].[RoleEntityStateTransitionAccess] ([RoleId], [EntityTypeId], [EntityStateTransitionId]) VALUES (1, 8, 70)
INSERT INTO [acc].[RoleEntityStateTransitionAccess] ([RoleId], [EntityTypeId], [EntityStateTransitionId]) VALUES (1, 8, 71)
INSERT INTO [acc].[RoleEntityStateTransitionAccess] ([RoleId], [EntityTypeId], [EntityStateTransitionId]) VALUES (1, 8, 72)
INSERT INTO [acc].[RoleEntityStateTransitionAccess] ([RoleId], [EntityTypeId], [EntityStateTransitionId]) VALUES (1, 8, 73)
INSERT INTO [acc].[RoleEntityStateTransitionAccess] ([RoleId], [EntityTypeId], [EntityStateTransitionId]) VALUES (1, 8, 74)
INSERT INTO [acc].[RoleEntityStateTransitionAccess] ([RoleId], [EntityTypeId], [EntityStateTransitionId]) VALUES (1, 8, 75)

INSERT INTO [acc].[RoleEntityTypeAccess] ([RoleId], [EntityTypeId], [AccessTypeId]) VALUES (1, 9, 3) /* Template */
INSERT INTO [acc].[RoleEntityStateAccess] ([RoleId], [EntityTypeId], [EntityStateId], [AccessTypeId]) VALUES (1, 9, 36, 3)
INSERT INTO [acc].[RoleEntityStateAccess] ([RoleId], [EntityTypeId], [EntityStateId], [AccessTypeId]) VALUES (1, 9, 37, 3)
INSERT INTO [acc].[RoleEntityStateAccess] ([RoleId], [EntityTypeId], [EntityStateId], [AccessTypeId]) VALUES (1, 9, 38, 3)
INSERT INTO [acc].[RoleEntityStateAccess] ([RoleId], [EntityTypeId], [EntityStateId], [AccessTypeId]) VALUES (1, 9, 39, 3)
INSERT INTO [acc].[RoleEntityStateTransitionAccess] ([RoleId], [EntityTypeId], [EntityStateTransitionId]) VALUES (1, 9, 76)
INSERT INTO [acc].[RoleEntityStateTransitionAccess] ([RoleId], [EntityTypeId], [EntityStateTransitionId]) VALUES (1, 9, 77)
INSERT INTO [acc].[RoleEntityStateTransitionAccess] ([RoleId], [EntityTypeId], [EntityStateTransitionId]) VALUES (1, 9, 78)
INSERT INTO [acc].[RoleEntityStateTransitionAccess] ([RoleId], [EntityTypeId], [EntityStateTransitionId]) VALUES (1, 9, 79)
INSERT INTO [acc].[RoleEntityStateTransitionAccess] ([RoleId], [EntityTypeId], [EntityStateTransitionId]) VALUES (1, 9, 80)
INSERT INTO [acc].[RoleEntityStateTransitionAccess] ([RoleId], [EntityTypeId], [EntityStateTransitionId]) VALUES (1, 9, 81)
INSERT INTO [acc].[RoleEntityStateTransitionAccess] ([RoleId], [EntityTypeId], [EntityStateTransitionId]) VALUES (1, 9, 82)

INSERT INTO [acc].[RoleEntityTypeAccess] ([RoleId], [EntityTypeId], [AccessTypeId]) VALUES (1, 10, 3) /* Point */
INSERT INTO [acc].[RoleEntityStateAccess] ([RoleId], [EntityTypeId], [EntityStateId], [AccessTypeId]) VALUES (1, 10, 40, 3)
INSERT INTO [acc].[RoleEntityStateAccess] ([RoleId], [EntityTypeId], [EntityStateId], [AccessTypeId]) VALUES (1, 10, 41, 3)
INSERT INTO [acc].[RoleEntityStateAccess] ([RoleId], [EntityTypeId], [EntityStateId], [AccessTypeId]) VALUES (1, 10, 42, 3)
INSERT INTO [acc].[RoleEntityStateAccess] ([RoleId], [EntityTypeId], [EntityStateId], [AccessTypeId]) VALUES (1, 10, 43, 3)
INSERT INTO [acc].[RoleEntityStateTransitionAccess] ([RoleId], [EntityTypeId], [EntityStateTransitionId]) VALUES (1, 10, 83)
INSERT INTO [acc].[RoleEntityStateTransitionAccess] ([RoleId], [EntityTypeId], [EntityStateTransitionId]) VALUES (1, 10, 84)
INSERT INTO [acc].[RoleEntityStateTransitionAccess] ([RoleId], [EntityTypeId], [EntityStateTransitionId]) VALUES (1, 10, 85)
INSERT INTO [acc].[RoleEntityStateTransitionAccess] ([RoleId], [EntityTypeId], [EntityStateTransitionId]) VALUES (1, 10, 86)
INSERT INTO [acc].[RoleEntityStateTransitionAccess] ([RoleId], [EntityTypeId], [EntityStateTransitionId]) VALUES (1, 10, 87)
INSERT INTO [acc].[RoleEntityStateTransitionAccess] ([RoleId], [EntityTypeId], [EntityStateTransitionId]) VALUES (1, 10, 88)
INSERT INTO [acc].[RoleEntityStateTransitionAccess] ([RoleId], [EntityTypeId], [EntityStateTransitionId]) VALUES (1, 10, 89)

-- RP Manager
INSERT INTO [acc].[RoleEntityTypeAccess] ([RoleId], [EntityTypeId], [AccessTypeId]) VALUES (2, 2, 3) /* Organization */
INSERT INTO [acc].[RoleEntityStateAccess] ([RoleId], [EntityTypeId], [EntityStateId], [AccessTypeId]) VALUES (2, 2, 5, 2)
INSERT INTO [acc].[RoleEntityStateAccess] ([RoleId], [EntityTypeId], [EntityStateId], [AccessTypeId]) VALUES (2, 2, 6, 2)
INSERT INTO [acc].[RoleEntityStateAccess] ([RoleId], [EntityTypeId], [EntityStateId], [AccessTypeId]) VALUES (2, 2, 7, 2)
INSERT INTO [acc].[RoleEntityStateAccess] ([RoleId], [EntityTypeId], [EntityStateId], [AccessTypeId]) VALUES (2, 2, 8, 2)
INSERT INTO [acc].[RoleEntityStateAccess] ([RoleId], [EntityTypeId], [EntityStateId], [AccessTypeId]) VALUES (2, 2, 9, 2)
INSERT INTO [acc].[RoleEntityStateTransitionAccess] ([RoleId], [EntityTypeId], [EntityStateTransitionId]) VALUES (2, 2, 8)
INSERT INTO [acc].[RoleEntityStateTransitionAccess] ([RoleId], [EntityTypeId], [EntityStateTransitionId]) VALUES (2, 2, 9)
INSERT INTO [acc].[RoleEntityStateTransitionAccess] ([RoleId], [EntityTypeId], [EntityStateTransitionId]) VALUES (2, 2, 10)
INSERT INTO [acc].[RoleEntityStateTransitionAccess] ([RoleId], [EntityTypeId], [EntityStateTransitionId]) VALUES (2, 2, 11)
INSERT INTO [acc].[RoleEntityStateTransitionAccess] ([RoleId], [EntityTypeId], [EntityStateTransitionId]) VALUES (2, 2, 12)
INSERT INTO [acc].[RoleEntityStateTransitionAccess] ([RoleId], [EntityTypeId], [EntityStateTransitionId]) VALUES (2, 2, 13)
INSERT INTO [acc].[RoleEntityStateTransitionAccess] ([RoleId], [EntityTypeId], [EntityStateTransitionId]) VALUES (2, 2, 14)
INSERT INTO [acc].[RoleEntityStateTransitionAccess] ([RoleId], [EntityTypeId], [EntityStateTransitionId]) VALUES (2, 2, 15)
INSERT INTO [acc].[RoleEntityStateTransitionAccess] ([RoleId], [EntityTypeId], [EntityStateTransitionId]) VALUES (2, 2, 16)
INSERT INTO [acc].[RoleEntityStateTransitionAccess] ([RoleId], [EntityTypeId], [EntityStateTransitionId]) VALUES (2, 2, 17)
INSERT INTO [acc].[RoleEntityStateTransitionAccess] ([RoleId], [EntityTypeId], [EntityStateTransitionId]) VALUES (2, 2, 18)
INSERT INTO [acc].[RoleEntityStateTransitionAccess] ([RoleId], [EntityTypeId], [EntityStateTransitionId]) VALUES (2, 2, 19)
INSERT INTO [acc].[RoleEntityStateTransitionAccess] ([RoleId], [EntityTypeId], [EntityStateTransitionId]) VALUES (2, 2, 20)
INSERT INTO [acc].[RoleEntityStateTransitionAccess] ([RoleId], [EntityTypeId], [EntityStateTransitionId]) VALUES (2, 2, 21)
INSERT INTO [acc].[RoleEntityStateTransitionAccess] ([RoleId], [EntityTypeId], [EntityStateTransitionId]) VALUES (2, 2, 22)
INSERT INTO [acc].[RoleEntityStateTransitionAccess] ([RoleId], [EntityTypeId], [EntityStateTransitionId]) VALUES (2, 2, 23)
INSERT INTO [acc].[RoleEntityStateTransitionAccess] ([RoleId], [EntityTypeId], [EntityStateTransitionId]) VALUES (2, 2, 24)
INSERT INTO [acc].[RoleEntityStateTransitionAccess] ([RoleId], [EntityTypeId], [EntityStateTransitionId]) VALUES (2, 2, 25)
INSERT INTO [acc].[RoleEntityStateTransitionAccess] ([RoleId], [EntityTypeId], [EntityStateTransitionId]) VALUES (2, 2, 26)

INSERT INTO [acc].[RoleEntityTypeAccess] ([RoleId], [EntityTypeId], [AccessTypeId]) VALUES (2, 3, 3) /* Member */
INSERT INTO [acc].[RoleEntityStateAccess] ([RoleId], [EntityTypeId], [EntityStateId], [AccessTypeId]) VALUES (2, 3, 11, 3)
INSERT INTO [acc].[RoleEntityStateAccess] ([RoleId], [EntityTypeId], [EntityStateId], [AccessTypeId]) VALUES (2, 3, 12, 3)
INSERT INTO [acc].[RoleEntityStateAccess] ([RoleId], [EntityTypeId], [EntityStateId], [AccessTypeId]) VALUES (2, 3, 13, 3)
INSERT INTO [acc].[RoleEntityStateAccess] ([RoleId], [EntityTypeId], [EntityStateId], [AccessTypeId]) VALUES (2, 3, 14, 3)
INSERT INTO [acc].[RoleEntityStateTransitionAccess] ([RoleId], [EntityTypeId], [EntityStateTransitionId]) VALUES (2, 3, 27)
INSERT INTO [acc].[RoleEntityStateTransitionAccess] ([RoleId], [EntityTypeId], [EntityStateTransitionId]) VALUES (2, 3, 28)
INSERT INTO [acc].[RoleEntityStateTransitionAccess] ([RoleId], [EntityTypeId], [EntityStateTransitionId]) VALUES (2, 3, 29)
INSERT INTO [acc].[RoleEntityStateTransitionAccess] ([RoleId], [EntityTypeId], [EntityStateTransitionId]) VALUES (2, 3, 30)
INSERT INTO [acc].[RoleEntityStateTransitionAccess] ([RoleId], [EntityTypeId], [EntityStateTransitionId]) VALUES (2, 3, 31)
INSERT INTO [acc].[RoleEntityStateTransitionAccess] ([RoleId], [EntityTypeId], [EntityStateTransitionId]) VALUES (2, 3, 32)
INSERT INTO [acc].[RoleEntityStateTransitionAccess] ([RoleId], [EntityTypeId], [EntityStateTransitionId]) VALUES (2, 3, 33)
INSERT INTO [acc].[RoleEntityStateTransitionAccess] ([RoleId], [EntityTypeId], [EntityStateTransitionId]) VALUES (2, 3, 34)
INSERT INTO [acc].[RoleEntityStateTransitionAccess] ([RoleId], [EntityTypeId], [EntityStateTransitionId]) VALUES (2, 3, 35)
INSERT INTO [acc].[RoleEntityStateTransitionAccess] ([RoleId], [EntityTypeId], [EntityStateTransitionId]) VALUES (2, 3, 36)
INSERT INTO [acc].[RoleEntityStateTransitionAccess] ([RoleId], [EntityTypeId], [EntityStateTransitionId]) VALUES (2, 3, 37)
INSERT INTO [acc].[RoleEntityStateTransitionAccess] ([RoleId], [EntityTypeId], [EntityStateTransitionId]) VALUES (2, 3, 38)

INSERT INTO [acc].[RoleEntityTypeAccess] ([RoleId], [EntityTypeId], [AccessTypeId]) VALUES (2, 4, 3) /* Pigeon */
INSERT INTO [acc].[RoleEntityStateAccess] ([RoleId], [EntityTypeId], [EntityStateId], [AccessTypeId]) VALUES (2, 4, 16, 3)
INSERT INTO [acc].[RoleEntityStateAccess] ([RoleId], [EntityTypeId], [EntityStateId], [AccessTypeId]) VALUES (2, 4, 17, 3)
INSERT INTO [acc].[RoleEntityStateAccess] ([RoleId], [EntityTypeId], [EntityStateId], [AccessTypeId]) VALUES (2, 4, 18, 3)
INSERT INTO [acc].[RoleEntityStateAccess] ([RoleId], [EntityTypeId], [EntityStateId], [AccessTypeId]) VALUES (2, 4, 19, 3)
INSERT INTO [acc].[RoleEntityStateTransitionAccess] ([RoleId], [EntityTypeId], [EntityStateTransitionId]) VALUES (2, 4, 39)
INSERT INTO [acc].[RoleEntityStateTransitionAccess] ([RoleId], [EntityTypeId], [EntityStateTransitionId]) VALUES (2, 4, 40)
INSERT INTO [acc].[RoleEntityStateTransitionAccess] ([RoleId], [EntityTypeId], [EntityStateTransitionId]) VALUES (2, 4, 41)
INSERT INTO [acc].[RoleEntityStateTransitionAccess] ([RoleId], [EntityTypeId], [EntityStateTransitionId]) VALUES (2, 4, 42)
INSERT INTO [acc].[RoleEntityStateTransitionAccess] ([RoleId], [EntityTypeId], [EntityStateTransitionId]) VALUES (2, 4, 43)
INSERT INTO [acc].[RoleEntityStateTransitionAccess] ([RoleId], [EntityTypeId], [EntityStateTransitionId]) VALUES (2, 4, 44)
INSERT INTO [acc].[RoleEntityStateTransitionAccess] ([RoleId], [EntityTypeId], [EntityStateTransitionId]) VALUES (2, 4, 45)
INSERT INTO [acc].[RoleEntityStateTransitionAccess] ([RoleId], [EntityTypeId], [EntityStateTransitionId]) VALUES (2, 4, 46)
INSERT INTO [acc].[RoleEntityStateTransitionAccess] ([RoleId], [EntityTypeId], [EntityStateTransitionId]) VALUES (2, 4, 47)
INSERT INTO [acc].[RoleEntityStateTransitionAccess] ([RoleId], [EntityTypeId], [EntityStateTransitionId]) VALUES (2, 4, 48)
INSERT INTO [acc].[RoleEntityStateTransitionAccess] ([RoleId], [EntityTypeId], [EntityStateTransitionId]) VALUES (2, 4, 49)
INSERT INTO [acc].[RoleEntityStateTransitionAccess] ([RoleId], [EntityTypeId], [EntityStateTransitionId]) VALUES (2, 4, 50)

INSERT INTO [acc].[RoleEntityTypeAccess] ([RoleId], [EntityTypeId], [AccessTypeId]) VALUES (2, 5, 3) /* Season */
INSERT INTO [acc].[RoleEntityStateAccess] ([RoleId], [EntityTypeId], [EntityStateId], [AccessTypeId]) VALUES (2, 5, 21, 3)
INSERT INTO [acc].[RoleEntityStateAccess] ([RoleId], [EntityTypeId], [EntityStateId], [AccessTypeId]) VALUES (2, 5, 22, 3)
INSERT INTO [acc].[RoleEntityStateAccess] ([RoleId], [EntityTypeId], [EntityStateId], [AccessTypeId]) VALUES (2, 5, 23, 3)
INSERT INTO [acc].[RoleEntityStateTransitionAccess] ([RoleId], [EntityTypeId], [EntityStateTransitionId]) VALUES (2, 5, 51)
INSERT INTO [acc].[RoleEntityStateTransitionAccess] ([RoleId], [EntityTypeId], [EntityStateTransitionId]) VALUES (2, 5, 52)
INSERT INTO [acc].[RoleEntityStateTransitionAccess] ([RoleId], [EntityTypeId], [EntityStateTransitionId]) VALUES (2, 5, 53)
INSERT INTO [acc].[RoleEntityStateTransitionAccess] ([RoleId], [EntityTypeId], [EntityStateTransitionId]) VALUES (2, 5, 54)
INSERT INTO [acc].[RoleEntityStateTransitionAccess] ([RoleId], [EntityTypeId], [EntityStateTransitionId]) VALUES (2, 5, 55)
INSERT INTO [acc].[RoleEntityStateTransitionAccess] ([RoleId], [EntityTypeId], [EntityStateTransitionId]) VALUES (2, 5, 56)
INSERT INTO [acc].[RoleEntityStateTransitionAccess] ([RoleId], [EntityTypeId], [EntityStateTransitionId]) VALUES (2, 5, 57)

INSERT INTO [acc].[RoleEntityTypeAccess] ([RoleId], [EntityTypeId], [AccessTypeId]) VALUES (2, 6, 3) /* Race */
INSERT INTO [acc].[RoleEntityStateAccess] ([RoleId], [EntityTypeId], [EntityStateId], [AccessTypeId]) VALUES (2, 6, 25, 3)
INSERT INTO [acc].[RoleEntityStateAccess] ([RoleId], [EntityTypeId], [EntityStateId], [AccessTypeId]) VALUES (2, 6, 26, 3)
INSERT INTO [acc].[RoleEntityStateAccess] ([RoleId], [EntityTypeId], [EntityStateId], [AccessTypeId]) VALUES (2, 6, 27, 3)
INSERT INTO [acc].[RoleEntityStateTransitionAccess] ([RoleId], [EntityTypeId], [EntityStateTransitionId]) VALUES (2, 6, 58)
INSERT INTO [acc].[RoleEntityStateTransitionAccess] ([RoleId], [EntityTypeId], [EntityStateTransitionId]) VALUES (2, 6, 59)
INSERT INTO [acc].[RoleEntityStateTransitionAccess] ([RoleId], [EntityTypeId], [EntityStateTransitionId]) VALUES (2, 6, 60)
INSERT INTO [acc].[RoleEntityStateTransitionAccess] ([RoleId], [EntityTypeId], [EntityStateTransitionId]) VALUES (2, 6, 61)
INSERT INTO [acc].[RoleEntityStateTransitionAccess] ([RoleId], [EntityTypeId], [EntityStateTransitionId]) VALUES (2, 6, 62)
INSERT INTO [acc].[RoleEntityStateTransitionAccess] ([RoleId], [EntityTypeId], [EntityStateTransitionId]) VALUES (2, 6, 63)
INSERT INTO [acc].[RoleEntityStateTransitionAccess] ([RoleId], [EntityTypeId], [EntityStateTransitionId]) VALUES (2, 6, 64)

INSERT INTO [acc].[RoleEntityTypeAccess] ([RoleId], [EntityTypeId], [AccessTypeId]) VALUES (2, 7, 3) /* Result */
INSERT INTO [acc].[RoleEntityStateAccess] ([RoleId], [EntityTypeId], [EntityStateId], [AccessTypeId]) VALUES (2, 7, 29, 3)
INSERT INTO [acc].[RoleEntityStateAccess] ([RoleId], [EntityTypeId], [EntityStateId], [AccessTypeId]) VALUES (2, 7, 30, 3)
INSERT INTO [acc].[RoleEntityStateTransitionAccess] ([RoleId], [EntityTypeId], [EntityStateTransitionId]) VALUES (2, 7, 65)
INSERT INTO [acc].[RoleEntityStateTransitionAccess] ([RoleId], [EntityTypeId], [EntityStateTransitionId]) VALUES (2, 7, 66)
INSERT INTO [acc].[RoleEntityStateTransitionAccess] ([RoleId], [EntityTypeId], [EntityStateTransitionId]) VALUES (2, 7, 67)
INSERT INTO [acc].[RoleEntityStateTransitionAccess] ([RoleId], [EntityTypeId], [EntityStateTransitionId]) VALUES (2, 7, 68)

INSERT INTO [acc].[RoleEntityTypeAccess] ([RoleId], [EntityTypeId], [AccessTypeId]) VALUES (2, 10, 3) /* Point */
INSERT INTO [acc].[RoleEntityStateAccess] ([RoleId], [EntityTypeId], [EntityStateId], [AccessTypeId]) VALUES (2, 10, 40, 3)
INSERT INTO [acc].[RoleEntityStateAccess] ([RoleId], [EntityTypeId], [EntityStateId], [AccessTypeId]) VALUES (2, 10, 41, 3)
INSERT INTO [acc].[RoleEntityStateAccess] ([RoleId], [EntityTypeId], [EntityStateId], [AccessTypeId]) VALUES (2, 10, 42, 3)
INSERT INTO [acc].[RoleEntityStateAccess] ([RoleId], [EntityTypeId], [EntityStateId], [AccessTypeId]) VALUES (2, 10, 43, 3)
INSERT INTO [acc].[RoleEntityStateTransitionAccess] ([RoleId], [EntityTypeId], [EntityStateTransitionId]) VALUES (2, 10, 83)
INSERT INTO [acc].[RoleEntityStateTransitionAccess] ([RoleId], [EntityTypeId], [EntityStateTransitionId]) VALUES (2, 10, 84)
INSERT INTO [acc].[RoleEntityStateTransitionAccess] ([RoleId], [EntityTypeId], [EntityStateTransitionId]) VALUES (2, 10, 85)
INSERT INTO [acc].[RoleEntityStateTransitionAccess] ([RoleId], [EntityTypeId], [EntityStateTransitionId]) VALUES (2, 10, 86)
INSERT INTO [acc].[RoleEntityStateTransitionAccess] ([RoleId], [EntityTypeId], [EntityStateTransitionId]) VALUES (2, 10, 87)
INSERT INTO [acc].[RoleEntityStateTransitionAccess] ([RoleId], [EntityTypeId], [EntityStateTransitionId]) VALUES (2, 10, 88)
INSERT INTO [acc].[RoleEntityStateTransitionAccess] ([RoleId], [EntityTypeId], [EntityStateTransitionId]) VALUES (2, 10, 89)

INSERT INTO [acc].[UserRole] ([UserId], [OrganizationId], [RoleId]) VALUES
(1, 1, 1)
