DECLARE @OrganizationTypeCountry INT = 1;
DECLARE @OrganizationTypeRegion INT = 2;
DECLARE @OrganizationTypeClub INT = 3;

SET IDENTITY_INSERT [acc].[Address] ON
INSERT INTO [acc].[Address] ([Id], [CountryId], [City], [PostalCode], [Street], [Number], [Latitude], [Longitude], [FormattedAddress]) VALUES
(10,  216, N'Чернівці',		N'',N'',N'',	48.2914900,	25.9403400,	N'Чернівці, Чернівецька область'),
--for points
(11, 216, N'Іванівка',		N'',N'',N'',	48.846,	27.232,	N''),
(12, 216, N'Червоне',		N'',N'',N'',	48.869,	27.871,	N''),
(13, 216, N'Немирів',		N'',N'',N'',	48.955,	28.821,	N''),
(14, 216, N'Лука',			N'',N'',N'',	49.474,	30.641,	N''),
(15, 216, N'Павлиш',		N'',N'',N'',	48.891,	33.335,	N''),
(16, 216, N'Валки',			N'',N'',N'',	49.888,	35.733,	N''),
(17, 216, N'Сокиряни',		N'',N'',N'',	48.455,	27.395,	N''),
(18, 216, N'Хмельницький',	N'',N'',N'',	49.364,	26.992,	N''),
(19, 216, N'Вінниця',		N'',N'',N'',	49.241,	28.394,	N''),
(20, 216, N'Умань',			N'',N'',N'',	48.734,	30.163,	N''),
--for members
(101, 216, N'Чернівці',		N'',N'',N'',	48.291,	25.940,	N''),
(102, 216, N'Чернівці',		N'',N'',N'',	48.291,	25.940,	N''),
(103, 216, N'Чернівці',		N'',N'',N'',	48.291,	25.940,	N''),
(104, 216, N'Чернівці',		N'',N'',N'',	48.291,	25.940,	N''),
(105, 216, N'Чернівці',		N'',N'',N'',	48.291,	25.940,	N''),
(106, 216, N'Чернівці',		N'',N'',N'',	48.291,	25.940,	N''),
(107, 216, N'Чернівці',		N'',N'',N'',	48.291,	25.940,	N''),
(108, 216, N'Чернівці',		N'',N'',N'',	48.291,	25.940,	N''),
(109, 216, N'Чернівці',		N'',N'',N'',	48.291,	25.940,	N''),
(110, 216, N'Чернівці',		N'',N'',N'',	48.291,	25.940,	N''),
(111, 216, N'Чернівці',		N'',N'',N'',	48.291,	25.940,	N''),
(112, 216, N'Чернівці',		N'',N'',N'',	48.291,	25.940,	N''),
(113, 216, N'Чернівці',		N'',N'',N'',	48.291,	25.940,	N''),
(114, 216, N'Чернівці',		N'',N'',N'',	48.291,	25.940,	N''),
(115, 216, N'Чернівці',		N'',N'',N'',	48.291,	25.940,	N''),
(116, 216, N'Чернівці',		N'',N'',N'',	48.291,	25.940,	N''),
(117, 216, N'Чернівці',		N'',N'',N'',	48.291,	25.940,	N''),
(118, 216, N'Чернівці',		N'',N'',N'',	48.291,	25.940,	N''),
(119, 216, N'Чернівці',		N'',N'',N'',	48.291,	25.940,	N''),
(120, 216, N'Чернівці',		N'',N'',N'',	48.291,	25.940,	N''),
(121, 216, N'Чернівці',		N'',N'',N'',	48.291,	25.940,	N''),
(122, 216, N'Чернівці',		N'',N'',N'',	48.291,	25.940,	N''),
(123, 216, N'Чернівці',		N'',N'',N'',	48.291,	25.940,	N''),
(124, 216, N'Чернівці',		N'',N'',N'',	48.291,	25.940,	N''),
(125, 216, N'Чернівці',		N'',N'',N'',	48.291,	25.940,	N''),
(126, 216, N'Чернівці',		N'',N'',N'',	48.291,	25.940,	N''),
(127, 216, N'Чернівці',		N'',N'',N'',	48.291,	25.940,	N''),
(128, 216, N'Чернівці',		N'',N'',N'',	48.291,	25.940,	N''),
(129, 216, N'Чернівці',		N'',N'',N'',	48.291,	25.940,	N''),
(130, 216, N'Чернівці',		N'',N'',N'',	48.291,	25.940,	N''),
(131, 216, N'Чернівці',		N'',N'',N'',	48.291,	25.940,	N''),
(132, 216, N'Чернівці',		N'',N'',N'',	48.291,	25.940,	N''),
(133, 216, N'Чернівці',		N'',N'',N'',	48.291,	25.940,	N''),
(134, 216, N'Чернівці',		N'',N'',N'',	48.291,	25.940,	N''),
(135, 216, N'Чернівці',		N'',N'',N'',	48.291,	25.940,	N''),
(136, 216, N'Чернівці',		N'',N'',N'',	48.291,	25.940,	N''),
(137, 216, N'Чернівці',		N'',N'',N'',	48.291,	25.940,	N''),
(138, 216, N'Чернівці',		N'',N'',N'',	48.291,	25.940,	N''),
(139, 216, N'Чернівці',		N'',N'',N'',	48.291,	25.940,	N''),
(140, 216, N'Чернівці',		N'',N'',N'',	48.291,	25.940,	N''),
(141, 216, N'Чернівці',		N'',N'',N'',	48.291,	25.940,	N''),
(142, 216, N'Чернівці',		N'',N'',N'',	48.291,	25.940,	N''),
(143, 216, N'Чернівці',		N'',N'',N'',	48.291,	25.940,	N''),
(144, 216, N'Чернівці',		N'',N'',N'',	48.291,	25.940,	N''),
(145, 216, N'Чернівці',		N'',N'',N'',	48.291,	25.940,	N''),
(146, 216, N'Чернівці',		N'',N'',N'',	48.291,	25.940,	N''),
(147, 216, N'Чернівці',		N'',N'',N'',	48.291,	25.940,	N''),
(148, 216, N'Чернівці',		N'',N'',N'',	48.291,	25.940,	N''),
(149, 216, N'Чернівці',		N'',N'',N'',	48.291,	25.940,	N''),
(150, 216, N'Чернівці',		N'',N'',N'',	48.291,	25.940,	N''),
(151, 216, N'Чернівці',		N'',N'',N'',	48.291,	25.940,	N''),
(152, 216, N'Чернівці',		N'',N'',N'',	48.291,	25.940,	N''),
(153, 216, N'Чернівці',		N'',N'',N'',	48.291,	25.940,	N''),
(154, 216, N'Чернівці',		N'',N'',N'',	48.291,	25.940,	N''),
(155, 216, N'Чернівці',		N'',N'',N'',	48.291,	25.940,	N''),
(156, 216, N'Чернівці',		N'',N'',N'',	48.291,	25.940,	N''),
(157, 216, N'Чернівці',		N'',N'',N'',	48.291,	25.940,	N''),
(158, 216, N'Чернівці',		N'',N'',N'',	48.291,	25.940,	N''),
(159, 216, N'Чернівці',		N'',N'',N'',	48.291,	25.940,	N''),
(160, 216, N'Чернівці',		N'',N'',N'',	48.291,	25.940,	N''),
(161, 216, N'Чернівці',		N'',N'',N'',	48.291,	25.940,	N''),
(162, 216, N'Чернівці',		N'',N'',N'',	48.291,	25.940,	N''),
(163, 216, N'Чернівці',		N'',N'',N'',	48.291,	25.940,	N''),
(164, 216, N'Чернівці',		N'',N'',N'',	48.291,	25.940,	N''),
(165, 216, N'Чернівці',		N'',N'',N'',	48.291,	25.940,	N''),
(166, 216, N'Чернівці',		N'',N'',N'',	48.291,	25.940,	N''),
(167, 216, N'Чернівці',		N'',N'',N'',	48.291,	25.940,	N''),
(168, 216, N'Чернівці',		N'',N'',N'',	48.291,	25.940,	N''),
(169, 216, N'Чернівці',		N'',N'',N'',	48.291,	25.940,	N''),
(170, 216, N'Чернівці',		N'',N'',N'',	48.291,	25.940,	N''),
(171, 216, N'Чернівці',		N'',N'',N'',	48.291,	25.940,	N''),
(172, 216, N'Чернівці',		N'',N'',N'',	48.291,	25.940,	N''),
(173, 216, N'Чернівці',		N'',N'',N'',	48.291,	25.940,	N''),
(174, 216, N'Чернівці',		N'',N'',N'',	48.291,	25.940,	N''),
(175, 216, N'Чернівці',		N'',N'',N'',	48.291,	25.940,	N''),
(176, 216, N'Чернівці',		N'',N'',N'',	48.291,	25.940,	N''),
(177, 216, N'Чернівці',		N'',N'',N'',	48.291,	25.940,	N''),
(178, 216, N'Чернівці',		N'',N'',N'',	48.291,	25.940,	N''),
(179, 216, N'Чернівці',		N'',N'',N'',	48.291,	25.940,	N''),
(180, 216, N'Чернівці',		N'',N'',N'',	48.291,	25.940,	N''),
(181, 216, N'Чернівці',		N'',N'',N'',	48.291,	25.940,	N''),
(182, 216, N'Чернівці',		N'',N'',N'',	48.291,	25.940,	N''),
(183, 216, N'Чернівці',		N'',N'',N'',	48.291,	25.940,	N''),
(184, 216, N'Чернівці',		N'',N'',N'',	48.291,	25.940,	N''),
(185, 216, N'Чернівці',		N'',N'',N'',	48.291,	25.940,	N''),
(186, 216, N'Чернівці',		N'',N'',N'',	48.291,	25.940,	N''),
(187, 216, N'Чернівці',		N'',N'',N'',	48.291,	25.940,	N''),
(188, 216, N'Чернівці',		N'',N'',N'',	48.291,	25.940,	N''),
(189, 216, N'Чернівці',		N'',N'',N'',	48.291,	25.940,	N''),
(190, 216, N'Чернівці',		N'',N'',N'',	48.291,	25.940,	N''),
(191, 216, N'Чернівці',		N'',N'',N'',	48.291,	25.940,	N''),
(192, 216, N'Чернівці',		N'',N'',N'',	48.291,	25.940,	N''),
(193, 216, N'Чернівці',		N'',N'',N'',	48.291,	25.940,	N''),
(194, 216, N'Чернівці',		N'',N'',N'',	48.291,	25.940,	N''),
(195, 216, N'Чернівці',		N'',N'',N'',	48.291,	25.940,	N''),
(196, 216, N'Чернівці',		N'',N'',N'',	48.291,	25.940,	N''),
(197, 216, N'Чернівці',		N'',N'',N'',	48.291,	25.940,	N''),
(198, 216, N'Чернівці',		N'',N'',N'',	48.291,	25.940,	N''),
(199, 216, N'Чернівці',		N'',N'',N'',	48.291,	25.940,	N''),
(200, 216, N'Чернівці',		N'',N'',N'',	48.291,	25.940,	N''),
(201, 216, N'Чернівці',		N'',N'',N'',	48.291,	25.940,	N''),
(202, 216, N'Чернівці',		N'',N'',N'',	48.291,	25.940,	N''),
(203, 216, N'Чернівці',		N'',N'',N'',	48.291,	25.940,	N''),
(204, 216, N'Чернівці',		N'',N'',N'',	48.291,	25.940,	N''),
(205, 216, N'Чернівці',		N'',N'',N'',	48.291,	25.940,	N'')
SET IDENTITY_INSERT [acc].[Address] OFF


SET IDENTITY_INSERT [plt].[EntityInfo] ON
INSERT INTO [plt].[EntityInfo] ([Id], [Guid], [CreatedDate], [EntityTypeId]) VALUES
--User
(1001, NEWID(), GETDATE(), 1),
--Organization
(2001, NEWID(), GETDATE(), 2),
(2002, NEWID(), GETDATE(), 2),
(2003, NEWID(), GETDATE(), 2),
(2004, NEWID(), GETDATE(), 2),
(2005, NEWID(), GETDATE(), 2),
(2006, NEWID(), GETDATE(), 2),
(2007, NEWID(), GETDATE(), 2),
(2008, NEWID(), GETDATE(), 2),
(2009, NEWID(), GETDATE(), 2),
(2010, NEWID(), GETDATE(), 2),
(2100, NEWID(), GETDATE(), 2),
(2110, NEWID(), GETDATE(), 2),
(2120, NEWID(), GETDATE(), 2),
(2130, NEWID(), GETDATE(), 2),
(2140, NEWID(), GETDATE(), 2),
(2150, NEWID(), GETDATE(), 2),
(2200, NEWID(), GETDATE(), 2),
(2210, NEWID(), GETDATE(), 2),
(2220, NEWID(), GETDATE(), 2),
(2230, NEWID(), GETDATE(), 2),
(2240, NEWID(), GETDATE(), 2),
(2250, NEWID(), GETDATE(), 2),
--Member
(3001, NEWID(), GETDATE(), 3),
(3002, NEWID(), GETDATE(), 3),
(3003, NEWID(), GETDATE(), 3),
(3004, NEWID(), GETDATE(), 3),
(3005, NEWID(), GETDATE(), 3),
(3006, NEWID(), GETDATE(), 3),
(3007, NEWID(), GETDATE(), 3),
(3008, NEWID(), GETDATE(), 3),
(3009, NEWID(), GETDATE(), 3),
(3010, NEWID(), GETDATE(), 3),
(3011, NEWID(), GETDATE(), 3),
(3012, NEWID(), GETDATE(), 3),
(3013, NEWID(), GETDATE(), 3),
(3014, NEWID(), GETDATE(), 3),
(3015, NEWID(), GETDATE(), 3),
(3016, NEWID(), GETDATE(), 3),
(3017, NEWID(), GETDATE(), 3),
(3018, NEWID(), GETDATE(), 3),
(3019, NEWID(), GETDATE(), 3),
(3020, NEWID(), GETDATE(), 3),
(3021, NEWID(), GETDATE(), 3),
(3022, NEWID(), GETDATE(), 3),
(3023, NEWID(), GETDATE(), 3),
(3024, NEWID(), GETDATE(), 3),
(3025, NEWID(), GETDATE(), 3),
(3026, NEWID(), GETDATE(), 3),
(3027, NEWID(), GETDATE(), 3),
(3028, NEWID(), GETDATE(), 3),
(3029, NEWID(), GETDATE(), 3),
(3030, NEWID(), GETDATE(), 3),
(3031, NEWID(), GETDATE(), 3),
(3032, NEWID(), GETDATE(), 3),
(3033, NEWID(), GETDATE(), 3),
(3034, NEWID(), GETDATE(), 3),
(3035, NEWID(), GETDATE(), 3),
(3036, NEWID(), GETDATE(), 3),
(3037, NEWID(), GETDATE(), 3),
(3038, NEWID(), GETDATE(), 3),
(3039, NEWID(), GETDATE(), 3),
(3040, NEWID(), GETDATE(), 3),
(3041, NEWID(), GETDATE(), 3),
(3042, NEWID(), GETDATE(), 3),
(3043, NEWID(), GETDATE(), 3),
(3044, NEWID(), GETDATE(), 3),
(3045, NEWID(), GETDATE(), 3),
(3046, NEWID(), GETDATE(), 3),
(3047, NEWID(), GETDATE(), 3),
(3048, NEWID(), GETDATE(), 3),
(3049, NEWID(), GETDATE(), 3),
(3050, NEWID(), GETDATE(), 3),
(3051, NEWID(), GETDATE(), 3),
(3052, NEWID(), GETDATE(), 3),
(3053, NEWID(), GETDATE(), 3),
(3054, NEWID(), GETDATE(), 3),
(3055, NEWID(), GETDATE(), 3),
(3056, NEWID(), GETDATE(), 3),
(3057, NEWID(), GETDATE(), 3),
(3058, NEWID(), GETDATE(), 3),
(3059, NEWID(), GETDATE(), 3),
(3060, NEWID(), GETDATE(), 3),
(3061, NEWID(), GETDATE(), 3),
(3062, NEWID(), GETDATE(), 3),
(3063, NEWID(), GETDATE(), 3),
(3064, NEWID(), GETDATE(), 3),
(3065, NEWID(), GETDATE(), 3),
(3066, NEWID(), GETDATE(), 3),
(3067, NEWID(), GETDATE(), 3),
(3068, NEWID(), GETDATE(), 3),
(3069, NEWID(), GETDATE(), 3),
(3070, NEWID(), GETDATE(), 3),
(3071, NEWID(), GETDATE(), 3),
(3072, NEWID(), GETDATE(), 3),
(3073, NEWID(), GETDATE(), 3),
(3074, NEWID(), GETDATE(), 3),
(3075, NEWID(), GETDATE(), 3),
(3076, NEWID(), GETDATE(), 3),
(3077, NEWID(), GETDATE(), 3),
(3078, NEWID(), GETDATE(), 3),
(3079, NEWID(), GETDATE(), 3),
(3080, NEWID(), GETDATE(), 3),
(3081, NEWID(), GETDATE(), 3),
(3082, NEWID(), GETDATE(), 3),
(3083, NEWID(), GETDATE(), 3),
(3084, NEWID(), GETDATE(), 3),
(3085, NEWID(), GETDATE(), 3),
(3086, NEWID(), GETDATE(), 3),
(3087, NEWID(), GETDATE(), 3),
(3088, NEWID(), GETDATE(), 3),
(3089, NEWID(), GETDATE(), 3),
(3090, NEWID(), GETDATE(), 3),
(3091, NEWID(), GETDATE(), 3),
(3092, NEWID(), GETDATE(), 3),
(3093, NEWID(), GETDATE(), 3),
(3094, NEWID(), GETDATE(), 3),
(3095, NEWID(), GETDATE(), 3),
(3096, NEWID(), GETDATE(), 3),
(3097, NEWID(), GETDATE(), 3),
(3098, NEWID(), GETDATE(), 3),
(3099, NEWID(), GETDATE(), 3),
(3100, NEWID(), GETDATE(), 3),
(3101, NEWID(), GETDATE(), 3),
(3102, NEWID(), GETDATE(), 3),
(3103, NEWID(), GETDATE(), 3),
(3104, NEWID(), GETDATE(), 3),
(3105, NEWID(), GETDATE(), 3),
--Pigeon
(4001, NEWID(), GETDATE(), 4),
(4002, NEWID(), GETDATE(), 4),
(4003, NEWID(), GETDATE(), 4),
(4004, NEWID(), GETDATE(), 4),
(4005, NEWID(), GETDATE(), 4),
(4006, NEWID(), GETDATE(), 4),
(4007, NEWID(), GETDATE(), 4),
(4008, NEWID(), GETDATE(), 4),
(4009, NEWID(), GETDATE(), 4),
(4010, NEWID(), GETDATE(), 4),
(4011, NEWID(), GETDATE(), 4),
(4012, NEWID(), GETDATE(), 4),
(4013, NEWID(), GETDATE(), 4),
(4014, NEWID(), GETDATE(), 4),
(4015, NEWID(), GETDATE(), 4),
(4016, NEWID(), GETDATE(), 4),
(4017, NEWID(), GETDATE(), 4),
(4018, NEWID(), GETDATE(), 4),
(4019, NEWID(), GETDATE(), 4),
(4020, NEWID(), GETDATE(), 4),
(4021, NEWID(), GETDATE(), 4),
(4022, NEWID(), GETDATE(), 4),
(4023, NEWID(), GETDATE(), 4),
(4024, NEWID(), GETDATE(), 4),
(4025, NEWID(), GETDATE(), 4),
(4026, NEWID(), GETDATE(), 4),
(4027, NEWID(), GETDATE(), 4),
(4028, NEWID(), GETDATE(), 4),
(4029, NEWID(), GETDATE(), 4),
(4030, NEWID(), GETDATE(), 4),
(4031, NEWID(), GETDATE(), 4),
(4032, NEWID(), GETDATE(), 4),
(4033, NEWID(), GETDATE(), 4),
(4034, NEWID(), GETDATE(), 4),
(4035, NEWID(), GETDATE(), 4),
(4036, NEWID(), GETDATE(), 4),
(4037, NEWID(), GETDATE(), 4),
(4038, NEWID(), GETDATE(), 4),
(4039, NEWID(), GETDATE(), 4),
(4040, NEWID(), GETDATE(), 4),
(4041, NEWID(), GETDATE(), 4),
(4042, NEWID(), GETDATE(), 4),
(4043, NEWID(), GETDATE(), 4),
(4044, NEWID(), GETDATE(), 4),
(4045, NEWID(), GETDATE(), 4),
(4046, NEWID(), GETDATE(), 4),
(4047, NEWID(), GETDATE(), 4),
(4048, NEWID(), GETDATE(), 4),
(4049, NEWID(), GETDATE(), 4),
(4050, NEWID(), GETDATE(), 4),
(4051, NEWID(), GETDATE(), 4),
(4052, NEWID(), GETDATE(), 4),
(4053, NEWID(), GETDATE(), 4),
(4054, NEWID(), GETDATE(), 4),
(4055, NEWID(), GETDATE(), 4),
(4056, NEWID(), GETDATE(), 4),
(4057, NEWID(), GETDATE(), 4),
(4058, NEWID(), GETDATE(), 4),
(4059, NEWID(), GETDATE(), 4),
(4060, NEWID(), GETDATE(), 4),
(4061, NEWID(), GETDATE(), 4),
(4062, NEWID(), GETDATE(), 4),
(4063, NEWID(), GETDATE(), 4),
(4064, NEWID(), GETDATE(), 4),
(4065, NEWID(), GETDATE(), 4),
(4066, NEWID(), GETDATE(), 4),
(4067, NEWID(), GETDATE(), 4),
(4068, NEWID(), GETDATE(), 4),
(4069, NEWID(), GETDATE(), 4),
(4070, NEWID(), GETDATE(), 4),
(4071, NEWID(), GETDATE(), 4),
(4072, NEWID(), GETDATE(), 4),
(4073, NEWID(), GETDATE(), 4),
(4074, NEWID(), GETDATE(), 4),
(4075, NEWID(), GETDATE(), 4),
(4076, NEWID(), GETDATE(), 4),
(4077, NEWID(), GETDATE(), 4),
(4078, NEWID(), GETDATE(), 4),
(4079, NEWID(), GETDATE(), 4),
(4080, NEWID(), GETDATE(), 4),
(4081, NEWID(), GETDATE(), 4),
(4082, NEWID(), GETDATE(), 4),
(4083, NEWID(), GETDATE(), 4),
(4084, NEWID(), GETDATE(), 4),
(4085, NEWID(), GETDATE(), 4),
(4086, NEWID(), GETDATE(), 4),
(4087, NEWID(), GETDATE(), 4),
(4088, NEWID(), GETDATE(), 4),
(4089, NEWID(), GETDATE(), 4),
(4090, NEWID(), GETDATE(), 4),
(4091, NEWID(), GETDATE(), 4),
(4092, NEWID(), GETDATE(), 4),
(4093, NEWID(), GETDATE(), 4),
(4094, NEWID(), GETDATE(), 4),
(4095, NEWID(), GETDATE(), 4),
(4096, NEWID(), GETDATE(), 4),
(4097, NEWID(), GETDATE(), 4),
(4098, NEWID(), GETDATE(), 4),
(4099, NEWID(), GETDATE(), 4),
(4100, NEWID(), GETDATE(), 4),
(4101, NEWID(), GETDATE(), 4),
(4102, NEWID(), GETDATE(), 4),
(4103, NEWID(), GETDATE(), 4),
(4104, NEWID(), GETDATE(), 4),
(4105, NEWID(), GETDATE(), 4),
(4106, NEWID(), GETDATE(), 4),
(4107, NEWID(), GETDATE(), 4),
(4108, NEWID(), GETDATE(), 4),
(4109, NEWID(), GETDATE(), 4),
(4110, NEWID(), GETDATE(), 4),
(4111, NEWID(), GETDATE(), 4),
(4112, NEWID(), GETDATE(), 4),
(4113, NEWID(), GETDATE(), 4),
(4114, NEWID(), GETDATE(), 4),
(4115, NEWID(), GETDATE(), 4),
(4116, NEWID(), GETDATE(), 4),
(4117, NEWID(), GETDATE(), 4),
(4118, NEWID(), GETDATE(), 4),
(4119, NEWID(), GETDATE(), 4),
(4120, NEWID(), GETDATE(), 4),
(4121, NEWID(), GETDATE(), 4),
(4122, NEWID(), GETDATE(), 4),
(4123, NEWID(), GETDATE(), 4),
(4124, NEWID(), GETDATE(), 4),
(4125, NEWID(), GETDATE(), 4),
(4126, NEWID(), GETDATE(), 4),
(4127, NEWID(), GETDATE(), 4),
(4128, NEWID(), GETDATE(), 4),
(4129, NEWID(), GETDATE(), 4),
(4130, NEWID(), GETDATE(), 4),
(4131, NEWID(), GETDATE(), 4),
(4132, NEWID(), GETDATE(), 4),
(4133, NEWID(), GETDATE(), 4),
(4134, NEWID(), GETDATE(), 4),
(4135, NEWID(), GETDATE(), 4),
(4136, NEWID(), GETDATE(), 4),
(4137, NEWID(), GETDATE(), 4),
(4138, NEWID(), GETDATE(), 4),
(4139, NEWID(), GETDATE(), 4),
(4140, NEWID(), GETDATE(), 4),
(4141, NEWID(), GETDATE(), 4),
(4142, NEWID(), GETDATE(), 4),
(4143, NEWID(), GETDATE(), 4),
(4144, NEWID(), GETDATE(), 4),
(4145, NEWID(), GETDATE(), 4),
(4146, NEWID(), GETDATE(), 4),
(4147, NEWID(), GETDATE(), 4),
(4148, NEWID(), GETDATE(), 4),
(4149, NEWID(), GETDATE(), 4),
(4150, NEWID(), GETDATE(), 4),
(4151, NEWID(), GETDATE(), 4),
(4152, NEWID(), GETDATE(), 4),
(4153, NEWID(), GETDATE(), 4),
(4154, NEWID(), GETDATE(), 4),
(4155, NEWID(), GETDATE(), 4),
(4156, NEWID(), GETDATE(), 4),
(4157, NEWID(), GETDATE(), 4),
(4158, NEWID(), GETDATE(), 4),
(4159, NEWID(), GETDATE(), 4),
(4160, NEWID(), GETDATE(), 4),
(4161, NEWID(), GETDATE(), 4),
(4162, NEWID(), GETDATE(), 4),
(4163, NEWID(), GETDATE(), 4),
(4164, NEWID(), GETDATE(), 4),
(4165, NEWID(), GETDATE(), 4),
(4166, NEWID(), GETDATE(), 4),
(4167, NEWID(), GETDATE(), 4),
(4168, NEWID(), GETDATE(), 4),
(4169, NEWID(), GETDATE(), 4),
(4170, NEWID(), GETDATE(), 4),
(4171, NEWID(), GETDATE(), 4),
(4172, NEWID(), GETDATE(), 4),
(4173, NEWID(), GETDATE(), 4),
(4174, NEWID(), GETDATE(), 4),
(4175, NEWID(), GETDATE(), 4),
(4176, NEWID(), GETDATE(), 4),
(4177, NEWID(), GETDATE(), 4),
(4178, NEWID(), GETDATE(), 4),
(4179, NEWID(), GETDATE(), 4),
(4180, NEWID(), GETDATE(), 4),
(4181, NEWID(), GETDATE(), 4),
(4182, NEWID(), GETDATE(), 4),
(4183, NEWID(), GETDATE(), 4),
(4184, NEWID(), GETDATE(), 4),
(4185, NEWID(), GETDATE(), 4),
(4186, NEWID(), GETDATE(), 4),
(4187, NEWID(), GETDATE(), 4),
(4188, NEWID(), GETDATE(), 4),
(4189, NEWID(), GETDATE(), 4),
(4190, NEWID(), GETDATE(), 4),
(4191, NEWID(), GETDATE(), 4),
(4192, NEWID(), GETDATE(), 4),
(4193, NEWID(), GETDATE(), 4),
(4194, NEWID(), GETDATE(), 4),
(4195, NEWID(), GETDATE(), 4),
(4196, NEWID(), GETDATE(), 4),
(4197, NEWID(), GETDATE(), 4),
(4198, NEWID(), GETDATE(), 4),
(4199, NEWID(), GETDATE(), 4),
(4200, NEWID(), GETDATE(), 4),
(4201, NEWID(), GETDATE(), 4),
(4202, NEWID(), GETDATE(), 4),
(4203, NEWID(), GETDATE(), 4),
(4204, NEWID(), GETDATE(), 4),
(4205, NEWID(), GETDATE(), 4),
(4206, NEWID(), GETDATE(), 4),
(4207, NEWID(), GETDATE(), 4),
(4208, NEWID(), GETDATE(), 4),
(4209, NEWID(), GETDATE(), 4),
(4210, NEWID(), GETDATE(), 4),
(4211, NEWID(), GETDATE(), 4),
(4212, NEWID(), GETDATE(), 4),
(4213, NEWID(), GETDATE(), 4),
(4214, NEWID(), GETDATE(), 4),
(4215, NEWID(), GETDATE(), 4),
(4216, NEWID(), GETDATE(), 4),
(4217, NEWID(), GETDATE(), 4),
(4218, NEWID(), GETDATE(), 4),
(4219, NEWID(), GETDATE(), 4),
(4220, NEWID(), GETDATE(), 4),
(4221, NEWID(), GETDATE(), 4),
(4222, NEWID(), GETDATE(), 4),
(4223, NEWID(), GETDATE(), 4),
(4224, NEWID(), GETDATE(), 4),
(4225, NEWID(), GETDATE(), 4),
(4226, NEWID(), GETDATE(), 4),
(4227, NEWID(), GETDATE(), 4),
(4228, NEWID(), GETDATE(), 4),
(4229, NEWID(), GETDATE(), 4),
(4230, NEWID(), GETDATE(), 4),
(4231, NEWID(), GETDATE(), 4),
(4232, NEWID(), GETDATE(), 4),
(4233, NEWID(), GETDATE(), 4),
(4234, NEWID(), GETDATE(), 4),
(4235, NEWID(), GETDATE(), 4),
(4236, NEWID(), GETDATE(), 4),
(4237, NEWID(), GETDATE(), 4),
(4238, NEWID(), GETDATE(), 4),
(4239, NEWID(), GETDATE(), 4),
(4240, NEWID(), GETDATE(), 4),
(4241, NEWID(), GETDATE(), 4),
(4242, NEWID(), GETDATE(), 4),
(4243, NEWID(), GETDATE(), 4),
(4244, NEWID(), GETDATE(), 4),
(4245, NEWID(), GETDATE(), 4),
(4246, NEWID(), GETDATE(), 4),
(4247, NEWID(), GETDATE(), 4),
(4248, NEWID(), GETDATE(), 4),
(4249, NEWID(), GETDATE(), 4),
(4250, NEWID(), GETDATE(), 4),
(4251, NEWID(), GETDATE(), 4),
(4252, NEWID(), GETDATE(), 4),
(4253, NEWID(), GETDATE(), 4),
(4254, NEWID(), GETDATE(), 4),
(4255, NEWID(), GETDATE(), 4),
(4256, NEWID(), GETDATE(), 4),
(4257, NEWID(), GETDATE(), 4),
(4258, NEWID(), GETDATE(), 4),
(4259, NEWID(), GETDATE(), 4),
(4260, NEWID(), GETDATE(), 4),
(4261, NEWID(), GETDATE(), 4),
(4262, NEWID(), GETDATE(), 4),
(4263, NEWID(), GETDATE(), 4),
(4264, NEWID(), GETDATE(), 4),
(4265, NEWID(), GETDATE(), 4),
(4266, NEWID(), GETDATE(), 4),
(4267, NEWID(), GETDATE(), 4),
(4268, NEWID(), GETDATE(), 4),
(4269, NEWID(), GETDATE(), 4),
(4270, NEWID(), GETDATE(), 4),
(4271, NEWID(), GETDATE(), 4),
(4272, NEWID(), GETDATE(), 4),
(4273, NEWID(), GETDATE(), 4),
(4274, NEWID(), GETDATE(), 4),
(4275, NEWID(), GETDATE(), 4),
(4276, NEWID(), GETDATE(), 4),
(4277, NEWID(), GETDATE(), 4),
(4278, NEWID(), GETDATE(), 4),
(4279, NEWID(), GETDATE(), 4),
(4280, NEWID(), GETDATE(), 4),
(4281, NEWID(), GETDATE(), 4),
(4282, NEWID(), GETDATE(), 4),
(4283, NEWID(), GETDATE(), 4),
(4284, NEWID(), GETDATE(), 4),
(4285, NEWID(), GETDATE(), 4),
(4286, NEWID(), GETDATE(), 4),
(4287, NEWID(), GETDATE(), 4),
(4288, NEWID(), GETDATE(), 4),
(4289, NEWID(), GETDATE(), 4),
(4290, NEWID(), GETDATE(), 4),
(4291, NEWID(), GETDATE(), 4),
(4292, NEWID(), GETDATE(), 4),
(4293, NEWID(), GETDATE(), 4),
(4294, NEWID(), GETDATE(), 4),
(4295, NEWID(), GETDATE(), 4),
(4296, NEWID(), GETDATE(), 4),
(4297, NEWID(), GETDATE(), 4),
(4298, NEWID(), GETDATE(), 4),
(4299, NEWID(), GETDATE(), 4),
(4300, NEWID(), GETDATE(), 4),

--Season
(5001, NEWID(), GETDATE(), 5),
(5002, NEWID(), GETDATE(), 5),
(5003, NEWID(), GETDATE(), 5),
(5004, NEWID(), GETDATE(), 5),
--Race
(6001, NEWID(), GETDATE(), 6),
(6002, NEWID(), GETDATE(), 6),
(6003, NEWID(), GETDATE(), 6),
(6004, NEWID(), GETDATE(), 6),
(6005, NEWID(), GETDATE(), 6),
(6006, NEWID(), GETDATE(), 6),
(6007, NEWID(), GETDATE(), 6),
(6008, NEWID(), GETDATE(), 6),
(6009, NEWID(), GETDATE(), 6),
(6010, NEWID(), GETDATE(), 6),
(6011, NEWID(), GETDATE(), 6),
(6012, NEWID(), GETDATE(), 6),
(6013, NEWID(), GETDATE(), 6),
(6014, NEWID(), GETDATE(), 6),
(6015, NEWID(), GETDATE(), 6),
(6016, NEWID(), GETDATE(), 6),
(6017, NEWID(), GETDATE(), 6),
--Point
(10001, NEWID(), GETDATE(), 10),
(10002, NEWID(), GETDATE(), 10),
(10003, NEWID(), GETDATE(), 10),
(10004, NEWID(), GETDATE(), 10),
(10005, NEWID(), GETDATE(), 10),
(10006, NEWID(), GETDATE(), 10),
(10007, NEWID(), GETDATE(), 10),
(10008, NEWID(), GETDATE(), 10),
(10009, NEWID(), GETDATE(), 10),
(10010, NEWID(), GETDATE(), 10)
SET IDENTITY_INSERT [plt].[EntityInfo] OFF

SET IDENTITY_INSERT [acc].[User] ON
INSERT INTO [acc].[User] ([Id], [Email], [Password], [FirstName], [MiddleName], [LastName], [DateOfBirth], [Phone], [Mobile], [Salutation], [AddressId], [GenderId], [LanguageId], [EntityInfoId]) VALUES
(1001, N'test-user-1@rp.com', N'lexTW7RfWNI6OQQo/ZmEFA==', N'Андрій', N'Володимирович', N'Слободян', '01-09-1993', NULL, '+380973068923', N'Головний по клубу', null, 1, 8, 1001)
SET IDENTITY_INSERT [acc].[User] OFF

SET IDENTITY_INSERT [acc].[Organization] ON
INSERT INTO [acc].[Organization] ([Id],[EntityInfoId], [Name], [CreateDate], [AddressId], [WebsiteId], [OrganizationTypeId]) VALUES 
(2001,2001, N'Чернівці',			'01-03-2015',	NULL,	NULL, @OrganizationTypeClub),
(2002,2002, N'Чернівці 2',			'01-03-2015',	NULL,	NULL, @OrganizationTypeClub),
(2003,2003, N'Івано-франківськ',	'01-03-2015',	NULL,	NULL, @OrganizationTypeClub),
(2004,2004, N'Львів',				'01-03-2015',	NULL,	NULL, @OrganizationTypeClub),
(2005,2005, N'Тернопіль',			'01-03-2015',	NULL,	NULL, @OrganizationTypeClub),
(2006,2006, N'Рівне',				'01-03-2015',	NULL,	NULL, @OrganizationTypeClub),
(2007,2007, N'Луцьк',				'01-03-2015',	NULL,	NULL, @OrganizationTypeClub),
(2008,2008, N'Вінниця',				'01-03-2015',	NULL,	NULL, @OrganizationTypeClub),
(2009,2009, N'Черкаси',				'01-03-2015',	NULL,	NULL, @OrganizationTypeClub),
(2010,2010, N'Кіровоград',			'01-03-2015',	NULL,	NULL, @OrganizationTypeClub),
(2100, 2100, N'Україна',			'1993-08-24',	NULL,	NULL, @OrganizationTypeCountry),
(2110, 2110, N'Північ',				'1993-08-24',	NULL,	NULL, @OrganizationTypeRegion),
(2120, 2120, N'Південь',			'1993-08-24',	NULL,	NULL, @OrganizationTypeRegion),
(2130, 2130, N'Захід',				'1993-08-24',	NULL,	NULL, @OrganizationTypeRegion),
(2140, 2140, N'Схід',				'1993-08-24',	NULL,	NULL, @OrganizationTypeRegion),
(2150, 2150, N'Центр',				'1993-08-24',	NULL,	NULL, @OrganizationTypeRegion),
(2200, 2200, N'Poland',				NULL,			NULL,	NULL, @OrganizationTypeCountry),
(2210, 2210, N'North',				NULL,			NULL,	NULL, @OrganizationTypeRegion),
(2220, 2220, N'South',				NULL,			NULL,	NULL, @OrganizationTypeRegion),
(2230, 2230, N'West',				NULL,			NULL,	NULL, @OrganizationTypeRegion),
(2240, 2240, N'East',				NULL,			NULL,	NULL, @OrganizationTypeRegion),
(2250, 2250, N'Сenter',				NULL,			NULL,	NULL, @OrganizationTypeRegion)
SET IDENTITY_INSERT [acc].[Organization] OFF

INSERT INTO [acc].[OrganizationRelation] ([OrganizationId], [RelatedOrganizationId], [Order], [Level]) VALUES
(2001,2001,1,1),
(2001,2130,2,2),
(2001,2100,3,3),
(2001,1,4,4),
(2002,2002,1,1),
(2002,2130,2,2),
(2002,2100,3,3),
(2002,1,4,4),
(2003,2003,1,1),
(2003,2130,2,2),
(2003,2100,3,3),
(2003,1,4,4),
(2004,2004,1,1),
(2004,2130,2,2),
(2004,2100,3,3),
(2004,1,4,4),
(2005,2005,1,1),
(2005,2130,2,2),
(2005,2100,3,3),
(2005,1,4,4),
(2006,2006,1,1),
(2006,2130,2,2),
(2006,2100,3,3),
(2006,1,4,4),
(2007,2007,1,1),
(2007,2130,2,2),
(2007,2100,3,3),
(2007,1,4,4),
(2008,2008,1,1),
(2008,2250,2,2),
(2008,2100,3,3),
(2008,1,4,4),
(2009,2009,1,1),
(2009,2250,2,2),
(2009,2100,3,3),
(2009,1,4,4),
(2010,2010,1,1),
(2010,2250,2,2),
(2010,2100,3,3),
(2010,1,4,4),
(2100,2100,1,1),
(2100,1,2,2),
(2110,2110,1,1),
(2110,2100,2,2),
(2110,1,3,3),
(2120,2120,1,1),
(2120,2100,2,2),
(2120,1,3,3),
(2130,2130,1,1),
(2130,2100,2,2),
(2130,1,3,3),
(2140,2140,1,1),
(2140,2100,2,2),
(2140,1,3,3),
(2150,2150,1,1),
(2150,2100,2,2),
(2150,1,3,3),
(2200,2200,1,1),
(2200,1,2,2),
(2210,2210,1,1),
(2210,2200,2,2),
(2210,1,3,3),
(2220,2220,1,1),
(2220,2200,2,2),
(2220,1,3,3),
(2230,2230,1,1),
(2230,2200,2,2),
(2230,1,3,3),
(2240,2240,1,1),
(2240,2200,2,2),
(2240,1,3,3),
(2250,2250,1,1),
(2250,2200,2,2),
(2250,1,3,3)

SET IDENTITY_INSERT [acc].[Member] ON
INSERT INTO [acc].[Member] ([Id],[EntityInfoId],[Email],[LastName],[FirstName],[MiddleName],[Phone],[AddressId],[GenderId],[WebsiteId])
VALUES 
--Чернівці
(3001,3001,N'',N'Симчук',			N'В',N'В',N'',101,1,null),
(3002,3002,N'',N'Бучко',			N'Ю',N'М',N'',102,1,null),
(3003,3003,N'',N'Симака',			N'В',N'Д',N'',103,1,null),
(3004,3004,N'',N'Раца',				N'Г',N' ',N'',104,1,null),
(3005,3005,N'',N'Суханко',			N'І',N'Д',N'',105,1,null),
(3006,3006,N'',N'Овачук',			N'А',N'І',N'',106,1,null),
(3007,3007,N'',N'Сідор',			N'В',N'M',N'',107,1,null),
(3008,3008,N'',N'Швець',			N'Ю',N'І',N'',108,1,null),
(3009,3009,N'',N'Процеску',			N'В',N'М',N'',109,1,null),
(3010,3010,N'',N'Запотинський',		N'В',N'І',N'',110,1,null),
(3011,3011,N'',N'Рудой',			N'В',N'Г',N'',111,1,null),
(3012,3012,N'',N'Королюк',			N'Я',N' ',N'',112,1,null),
(3013,3013,N'',N'Коваль',			N'Ф',N'М',N'',113,1,null),
(3014,3014,N'',N'Крушельницький',	N'Л',N'Ф',N'',114,1,null),
(3015,3015,N'',N'Семенюк',			N'В',N'Т',N'',115,1,null),
(3016,3016,N'',N'Гроза',			N'Д',N' ',N'',116,1,null),
(3017,3017,N'',N'Маковійчук',		N'І',N'В',N'',117,1,null),
(3018,3018,N'',N'Буліга',			N'М',N' ',N'',118,1,null),
(3019,3019,N'',N'Лазоренко',		N'В',N'В',N'',119,1,null),
(3020,3020,N'',N'Лучик',			N'А',N'С',N'',120,1,null),
(3021,3021,N'',N'Данилюк',			N'І',N'М',N'',121,1,null),
(3022,3022,N'',N'Малуш',			N'С',N' ',N'',122,1,null),
(3023,3023,N'',N'Голинчук',			N'О',N'К',N'',123,1,null),
(3024,3024,N'',N'Танасеску',		N'Д',N'Д',N'',124,1,null),
(3025,3025,N'',N'Шупеня',			N'В',N'В',N'',125,1,null),
(3026,3026,N'',N'Андрійчук',		N'В',N'І',N'',126,1,null),
(3027,3027,N'',N'Літун',			N'О',N'І',N'',127,1,null),
(3028,3028,N'',N'Нагірняк',			N'А',N'О',N'',128,1,null),
(3029,3029,N'',N'Ткач',				N'Л',N'В',N'',129,1,null),
(3030,3030,N'',N'Рокоча',			N'К',N'С',N'',130,1,null),
(3031,3031,N'',N'Рошу',				N'В',N'В',N'',131,1,null),
(3032,3032,N'',N'Тирсина',			N'Д',N'А',N'',132,1,null),
(3033,3033,N'',N'Романюк',			N'С',N'М',N'',133,1,null),
(3034,3034,N'',N'Булавка',			N'В',N'М',N'',134,1,null),
(3035,3035,N'',N'Гулей',			N'В',N'М',N'',135,1,null),
(3036,3036,N'',N'Гретчаний',		N'В',N'М',N'',136,1,null),
(3037,3037,N'',N'Лазоренко',		N'Ю',N'В',N'',137,1,null),
(3038,3038,N'',N'Трачук',			N'І',N'П',N'',138,1,null),
(3039,3039,N'',N'Косован',			N'А',N'О',N'',139,1,null),
(3040,3040,N'',N'Козоглодюк',		N'М',N'П',N'',140,1,null),
--Чернівці 2
(3041,3041,N'',N'Процеску',			N'В',N'',N'',141,1,null),
(3042,3042,N'',N'Олексюк',			N'І',N'',N'',142,1,null),
(3043,3043,N'',N'Гуцуляк',			N'В',N'',N'',143,1,null),
(3044,3044,N'',N'Воробець',			N'Р',N'',N'',144,1,null),
(3045,3045,N'',N'Фрунза',			N'М',N'',N'',145,1,null),
(3046,3046,N'',N'Гандрабуляк',		N'І',N'',N'',146,1,null),
(3047,3047,N'',N'Голан',			N'О',N'',N'',147,1,null),
(3048,3048,N'',N'Карлічук',			N'Ю',N'',N'',148,1,null),
(3049,3049,N'',N'Ткачук',			N'І',N'',N'',149,1,null),
(3050,3050,N'',N'Микитюк',			N'Т',N'',N'',150,1,null),
(3051,3051,N'',N'Паладюк',			N'І',N'',N'',151,1,null),
(3052,3052,N'',N'Фрунза-Цанке',		N'В',N'',N'',152,1,null),
(3053,3053,N'',N'Саву',				N'Л',N'',N'',153,1,null),
(3054,3054,N'',N'Бідолах',			N'І',N'',N'',154,1,null),
(3055,3055,N'',N'Федорян',			N'Г',N'',N'',155,1,null),
(3056,3056,N'',N'Піцул',			N'А',N'',N'',156,1,null),
(3057,3057,N'',N'Марікуца',			N'В',N'',N'',157,1,null),
(3058,3058,N'',N'Логін',			N'Г',N'',N'',158,1,null),
(3059,3059,N'',N'Вільор',			N'Д',N'',N'',159,1,null),
(3060,3060,N'',N'Лукинюк',			N'Ю',N'',N'',160,1,null),
(3061,3061,N'',N'Влад',				N'І',N'',N'',161,1,null),
(3062,3062,N'',N'Думітрюк',			N'І',N'',N'',162,1,null),
(3063,3063,N'',N'Кнапик',			N'П',N'',N'',163,1,null),
(3064,3064,N'',N'Скіпор',			N'І',N'',N'',164,1,null),
(3065,3065,N'',N'Слезак',			N'М',N'',N'',165,1,null),
(3066,3066,N'',N'Грижук',			N'Л',N'',N'',166,1,null),
(3067,3067,N'',N'Безушко',			N'Є',N'',N'',167,1,null),
(3068,3068,N'',N'Теклян',			N'В',N'',N'',168,1,null),
(3069,3069,N'',N'Дручук',			N'І',N'',N'',169,1,null),
(3070,3070,N'',N'Тодереси',			N'В',N'',N'',170,1,null),
--Івано-франківськ
(3071,3071,N'',N'Мриц',				N'В',N'Є',N'',171,1,null),
(3072,3072,N'',N'Яцків',			N'М',N'С',N'',172,1,null),
(3073,3073,N'',N'Ковальчук',		N'М',N'П',N'',173,1,null),
(3074,3074,N'',N'Бойко',			N'Й',N' ',N'',174,1,null),
(3075,3075,N'',N'Кушнірчук',		N'Л',N'Я',N'',175,1,null),
(3076,3076,N'',N'Наритник',			N'Р',N'В',N'',176,1,null),
(3077,3077,N'',N'Хімей',			N'В',N'О',N'',177,1,null),
(3078,3078,N'',N'Онищук',			N'Б',N'М',N'',178,1,null),
(3079,3079,N'',N'Костирко',			N'Р',N'І',N'',179,1,null),
(3080,3080,N'',N'Секерлей',			N'Л',N'О',N'',180,1,null),
(3081,3081,N'',N'Семенишин',		N'І',N' ',N'',181,1,null),
(3082,3082,N'',N'Іванюк',			N'А',N'І',N'',182,1,null),
(3083,3083,N'',N'Яцків',			N'І',N'Д',N'',183,1,null),
(3084,3084,N'',N'Кочанський',		N'П',N'М',N'',184,1,null),
(3085,3085,N'',N'Бульчак',			N'С',N' ',N'',185,1,null),
(3086,3086,N'',N'Гергічний',		N'Я',N'В',N'',186,1,null),
(3087,3087,N'',N'Булка',			N'П',N'І',N'',187,1,null),
(3088,3088,N'',N'Савуляк',			N'М',N'К',N'',188,1,null),
(3089,3089,N'',N'Легеньких',		N'Д',N'М',N'',189,1,null),
(3090,3090,N'',N'Гуменюк',			N'Б',N'М',N'',190,1,null),
(3091,3091,N'',N'Хромей',			N'М',N'І',N'',191,1,null),
(3092,3092,N'',N'Остапюк',			N'Т',N'В',N'',192,1,null),
(3093,3093,N'',N'Савуляк',			N'К',N'К',N'',193,1,null),
(3094,3094,N'',N'Ужела',			N' ',N' ',N'',194,1,null),
(3095,3095,N'',N'Думка',			N'О',N'Я',N'',195,1,null),
(3096,3096,N'',N'Лавринович',		N'А',N'Р',N'',196,1,null),
(3097,3097,N'',N'Скрипник',			N'І',N'В',N'',197,1,null),
(3098,3098,N'',N'Ерстенюк',			N'І',N'Ф',N'',198,1,null),
(3099,3099,N'',N'Глинчак',			N'О',N'І',N'',199,1,null),
(3100,3100,N'',N'Гриник',			N'М',N'А',N'',200,1,null),
(3101,3101,N'',N'Сідлярчук',		N'Б',N'О',N'',201,1,null),
(3102,3102,N'',N'Білейчук',			N'Б',N'І',N'',202,1,null),
(3103,3103,N'',N'Гошовський',		N'П',N'Й',N'',203,1,null),
(3104,3104,N'',N'Сідлярчук',		N'О',N'Б',N'',204,1,null),
(3105,3105,N'',N'Іванюк',			N'А',N'Д',N'',205,1,null)
SET IDENTITY_INSERT [acc].[Member] OFF

INSERT INTO [acc].[OrganizationMemberType] ([MemberId], [MemberTypeId], [OrganizationId]) VALUES
(3001, 13,2001),
(3002, 14,2001),
(3003, 15,2001),
(3004, 16,2001),
(3005, 17,2001),
(3006, 18,2001),
(3007, 19,2001)

SET IDENTITY_INSERT [acc].[Pigeon] ON
INSERT INTO [acc].[Pigeon] ([Id],[EntityInfoId],[Number],[Year],[Code],[Name],[SexId],[MemberId])
VALUES
(4001,4001,N'10000',2014,NULL, N'',4,3001),
(4002,4002,N'10001',2014,NULL, N'',4,3002),
(4003,4003,N'10002',2014,NULL, N'',4,3003),
(4004,4004,N'10003',2014,NULL, N'',4,3004),
(4005,4005,N'10004',2014,NULL, N'',4,3005),
(4006,4006,N'10005',2014,NULL, N'',4,3006),
(4007,4007,N'10006',2014,NULL, N'',4,3007),
(4008,4008,N'10007',2014,NULL, N'',4,3008),
(4009,4009,N'10008',2014,NULL, N'',4,3009),
(4010,4010,N'10009',2014,NULL, N'',4,3010),
(4011,4011,N'10010',2014,NULL, N'',4,3011),
(4012,4012,N'10011',2014,NULL, N'',4,3012),
(4013,4013,N'10012',2014,NULL, N'',4,3013),
(4014,4014,N'10013',2014,NULL, N'',4,3014),
(4015,4015,N'10014',2014,NULL, N'',4,3015),
(4016,4016,N'10015',2014,NULL, N'',4,3016),
(4017,4017,N'10016',2014,NULL, N'',4,3017),
(4018,4018,N'10017',2008,NULL, N'',4,3018),
(4019,4019,N'10018',2008,NULL, N'',4,3019),
(4020,4020,N'10019',2008,NULL, N'',4,3020),
(4021,4021,N'10020',2008,NULL, N'',4,3021),
(4022,4022,N'10021',2008,NULL, N'',4,3022),
(4023,4023,N'10022',2008,NULL, N'',4,3023),
(4024,4024,N'10023',2008,NULL, N'',4,3024),
(4025,4025,N'10024',2008,NULL, N'',4,3025),
(4026,4026,N'10025',2008,NULL, N'',4,3026),
(4027,4027,N'10026',2008,NULL, N'',4,3027),
(4028,4028,N'10027',2008,NULL, N'',4,3028),
(4029,4029,N'10028',2008,NULL, N'',4,3029),
(4030,4030,N'10029',2008,NULL, N'',4,3030),
(4031,4031,N'10030',2008,NULL, N'',4,3031),
(4032,4032,N'10031',2008,NULL, N'',4,3032),
(4033,4033,N'10032',2008,NULL, N'',4,3033),
(4034,4034,N'10033',2014,NULL, N'',4,3034),
(4035,4035,N'10034',2014,NULL, N'',4,3035),
(4036,4036,N'10035',2014,NULL, N'',4,3036),
(4037,4037,N'10036',2010,NULL, N'',4,3037),
(4038,4038,N'10037',2010,NULL, N'',4,3038),
(4039,4039,N'10038',2010,NULL, N'',4,3039),
(4040,4040,N'10039',2010,NULL, N'',4,3040),
(4041,4041,N'10040',2010,NULL, N'',4,3041),
(4042,4042,N'10041',2010,NULL, N'',4,3042),
(4043,4043,N'10042',2010,NULL, N'',4,3043),
(4044,4044,N'10043',2010,NULL, N'',4,3044),
(4045,4045,N'10044',2010,NULL, N'',4,3045),
(4046,4046,N'10045',2010,NULL, N'',4,3046),
(4047,4047,N'10046',2010,NULL, N'',4,3047),
(4048,4048,N'10047',2010,NULL, N'',4,3048),
(4049,4049,N'10048',2010,NULL, N'',4,3049),
(4050,4050,N'10049',2010,NULL, N'',4,3050),
(4051,4051,N'10050',2010,NULL, N'',4,3051),
(4052,4052,N'10051',2010,NULL, N'',4,3052),
(4053,4053,N'10052',2014,NULL, N'',4,3053),
(4054,4054,N'10053',2014,NULL, N'',4,3054),
(4055,4055,N'10054',2014,NULL, N'',4,3055),
(4056,4056,N'10055',2014,NULL, N'',4,3056),
(4057,4057,N'10056',2014,NULL, N'',4,3057),
(4058,4058,N'10057',2014,NULL, N'',4,3058),
(4059,4059,N'10058',2014,NULL, N'',4,3059),
(4060,4060,N'10059',2013,NULL, N'',4,3060),
(4061,4061,N'10060',2013,NULL, N'',4,3061),
(4062,4062,N'10061',2013,NULL, N'',4,3062),
(4063,4063,N'10062',2013,NULL, N'',4,3063),
(4064,4064,N'10063',2013,NULL, N'',4,3064),
(4065,4065,N'10064',2013,NULL, N'',4,3065),
(4066,4066,N'10065',2013,NULL, N'',4,3066),
(4067,4067,N'10066',2013,NULL, N'',4,3067),
(4068,4068,N'10067',2013,NULL, N'',4,3068),
(4069,4069,N'10068',2013,NULL, N'',4,3069),
(4070,4070,N'10069',2014,NULL, N'',4,3070),
(4071,4071,N'10070',2014,NULL, N'',4,3071),
(4072,4072,N'10071',2014,NULL, N'',4,3072),
(4073,4073,N'10072',2014,NULL, N'',4,3073),
(4074,4074,N'10073',2014,NULL, N'',4,3074),
(4075,4075,N'10074',1998,NULL, N'',4,3075),
(4076,4076,N'10075',1998,NULL, N'',4,3076),
(4077,4077,N'10076',1998,NULL, N'',4,3077),
(4078,4078,N'10077',1998,NULL, N'',4,3078),
(4079,4079,N'10078',1998,NULL, N'',4,3079),
(4080,4080,N'10079',1998,NULL, N'',4,3080),
(4081,4081,N'10080',1998,NULL, N'',4,3081),
(4082,4082,N'10081',1998,NULL, N'',4,3082),
(4083,4083,N'10082',1998,NULL, N'',4,3083),
(4084,4084,N'10083',1998,NULL, N'',4,3084),
(4085,4085,N'10084',1998,NULL, N'',4,3085),
(4086,4086,N'10085',1998,NULL, N'',4,3086),
(4087,4087,N'10086',1998,NULL, N'',4,3087),
(4088,4088,N'10087',1998,NULL, N'',4,3088),
(4089,4089,N'10088',1998,NULL, N'',4,3089),
(4090,4090,N'10089',2014,NULL, N'',4,3090),
(4091,4091,N'10090',2014,NULL, N'',4,3091),
(4092,4092,N'10091',1995,NULL, N'',4,3092),
(4093,4093,N'10092',1995,NULL, N'',4,3093),
(4094,4094,N'10093',1995,NULL, N'',4,3094),
(4095,4095,N'10094',1995,NULL, N'',4,3095),
(4096,4096,N'10095',1995,NULL, N'',4,3096),
(4097,4097,N'10096',1995,NULL, N'',4,3097),
(4098,4098,N'10097',1995,NULL, N'',4,3098),
(4099,4099,N'10098',2014,NULL, N'',4,3099),
(4100,4100,N'10099',2000,NULL, N'',4,3100),
(4101,4101,N'10100',2017,NULL, N'',4,3001),
(4102,4102,N'10101',2017,NULL, N'',4,3001),
(4103,4103,N'10102',2017,NULL, N'',4,3001),
(4104,4104,N'10103',2017,NULL, N'',4,3001),
(4105,4105,N'10104',2017,NULL, N'',4,3001),
(4106,4106,N'10105',2017,NULL, N'',4,3001),
(4107,4107,N'10106',2017,NULL, N'',4,3001),
(4108,4108,N'10107',2017,NULL, N'',4,3001),
(4109,4109,N'10108',2017,NULL, N'',4,3001),
(4110,4110,N'10109',2017,NULL, N'',4,3001),
(4111,4111,N'10110',2017,NULL, N'',4,3001),
(4112,4112,N'10111',2017,NULL, N'',4,3001),
(4113,4113,N'10112',2017,NULL, N'',4,3001),
(4114,4114,N'10113',2017,NULL, N'',4,3001),
(4115,4115,N'10114',2017,NULL, N'',4,3001),
(4116,4116,N'10115',2017,NULL, N'',4,3001),
(4117,4117,N'10116',2017,NULL, N'',4,3001),
(4118,4118,N'10117',2017,NULL, N'',4,3001),
(4119,4119,N'10118',2017,NULL, N'',4,3001),
(4120,4120,N'10119',2017,NULL, N'',4,3001),
(4121,4121,N'10120',2017,NULL, N'',4,3001),
(4122,4122,N'10121',2017,NULL, N'',4,3001),
(4123,4123,N'10122',2017,NULL, N'',4,3001),
(4124,4124,N'10123',2017,NULL, N'',4,3001),
(4125,4125,N'10124',2017,NULL, N'',4,3001),
(4126,4126,N'10125',2017,NULL, N'',4,3001),
(4127,4127,N'10126',2017,NULL, N'',4,3001),
(4128,4128,N'10127',2017,NULL, N'',4,3001),
(4129,4129,N'10128',2017,NULL, N'',4,3001),
(4130,4130,N'10129',2017,NULL, N'',4,3001),
(4131,4131,N'10130',2017,NULL, N'',4,3002),
(4132,4132,N'10131',2017,NULL, N'',4,3002),
(4133,4133,N'10132',2017,NULL, N'',4,3002),
(4134,4134,N'10133',2017,NULL, N'',4,3002),
(4135,4135,N'10134',2017,NULL, N'',4,3002),
(4136,4136,N'10135',2017,NULL, N'',4,3002),
(4137,4137,N'10136',2017,NULL, N'',4,3002),
(4138,4138,N'10137',2017,NULL, N'',4,3002),
(4139,4139,N'10138',2017,NULL, N'',4,3002),
(4140,4140,N'10139',2017,NULL, N'',4,3002),
(4141,4141,N'10140',2017,NULL, N'',4,3002),
(4142,4142,N'10141',2017,NULL, N'',4,3002),
(4143,4143,N'10142',2017,NULL, N'',4,3002),
(4144,4144,N'10143',2017,NULL, N'',4,3002),
(4145,4145,N'10144',2017,NULL, N'',4,3002),
(4146,4146,N'10145',2017,NULL, N'',4,3002),
(4147,4147,N'10146',2017,NULL, N'',4,3002),
(4148,4148,N'10147',2017,NULL, N'',4,3002),
(4149,4149,N'10148',2017,NULL, N'',4,3002),
(4150,4150,N'10149',2017,NULL, N'',4,3002),
(4151,4151,N'10150',2017,NULL, N'',4,3002),
(4152,4152,N'10151',2017,NULL, N'',4,3002),
(4153,4153,N'10152',2017,NULL, N'',4,3002),
(4154,4154,N'10153',2017,NULL, N'',4,3002),
(4155,4155,N'10154',2017,NULL, N'',4,3002),
(4156,4156,N'10155',2017,NULL, N'',4,3002),
(4157,4157,N'10156',2017,NULL, N'',4,3002),
(4158,4158,N'10157',2017,NULL, N'',4,3002),
(4159,4159,N'10158',2017,NULL, N'',4,3002),
(4160,4160,N'10159',2017,NULL, N'',4,3002),
(4161,4161,N'10160',2017,NULL, N'',4,3002),
(4162,4162,N'10161',2017,NULL, N'',4,3002),
(4163,4163,N'10162',2017,NULL, N'',4,3002),
(4164,4164,N'10163',2017,NULL, N'',4,3002),
(4165,4165,N'10164',2017,NULL, N'',4,3002),
(4166,4166,N'10165',2017,NULL, N'',4,3002),
(4167,4167,N'10166',2017,NULL, N'',4,3002),
(4168,4168,N'10167',2017,NULL, N'',4,3002),
(4169,4169,N'10168',2017,NULL, N'',4,3002),
(4170,4170,N'10169',2017,NULL, N'',4,3002),
(4171,4171,N'10170',2017,NULL, N'',4,3002),
(4172,4172,N'10171',2017,NULL, N'',4,3002),
(4173,4173,N'10172',2017,NULL, N'',4,3003),
(4174,4174,N'10173',2017,NULL, N'',4,3003),
(4175,4175,N'10174',2017,NULL, N'',4,3003),
(4176,4176,N'10175',2017,NULL, N'',4,3003),
(4177,4177,N'10176',2017,NULL, N'',4,3003),
(4178,4178,N'10177',2017,NULL, N'',4,3003),
(4179,4179,N'10178',2017,NULL, N'',4,3003),
(4180,4180,N'10179',2017,NULL, N'',4,3003),
(4181,4181,N'10180',2017,NULL, N'',4,3003),
(4182,4182,N'10181',2017,NULL, N'',4,3003),
(4183,4183,N'10182',2017,NULL, N'',4,3003),
(4184,4184,N'10183',2017,NULL, N'',4,3003),
(4185,4185,N'10184',2017,NULL, N'',4,3003),
(4186,4186,N'10185',2017,NULL, N'',4,3003),
(4187,4187,N'10186',2017,NULL, N'',4,3003),
(4188,4188,N'10187',2017,NULL, N'',4,3003),
(4189,4189,N'10188',2017,NULL, N'',4,3003),
(4190,4190,N'10189',2017,NULL, N'',4,3003),
(4191,4191,N'10190',2017,NULL, N'',4,3003),
(4192,4192,N'10191',2017,NULL, N'',4,3003),
(4193,4193,N'10192',2017,NULL, N'',4,3003),
(4194,4194,N'10193',2017,NULL, N'',4,3003),
(4195,4195,N'10194',2017,NULL, N'',4,3003),
(4196,4196,N'10195',2017,NULL, N'',4,3003),
(4197,4197,N'10196',2017,NULL, N'',4,3003),
(4198,4198,N'10197',2017,NULL, N'',4,3003),
(4199,4199,N'10198',2017,NULL, N'',4,3003),
(4200,4200,N'10199',2017,NULL, N'',4,3003),
(4201,4201,N'10200',2017,NULL, N'',4,3003),
(4202,4202,N'10201',2017,NULL, N'',4,3003),
(4203,4203,N'10202',2017,NULL, N'',4,3003),
(4204,4204,N'10203',2017,NULL, N'',4,3003),
(4205,4205,N'10204',2017,NULL, N'',4,3003),
(4206,4206,N'10205',2017,NULL, N'',4,3003),
(4207,4207,N'10206',2017,NULL, N'',4,3003),
(4208,4208,N'10207',2017,NULL, N'',4,3003),
(4209,4209,N'10208',2017,NULL, N'',4,3003),
(4210,4210,N'10209',2017,NULL, N'',4,3003),
(4211,4211,N'10210',2017,NULL, N'',4,3003),
(4212,4212,N'10211',2017,NULL, N'',4,3003),
(4213,4213,N'10212',2017,NULL, N'',4,3003),
(4214,4214,N'10213',2017,NULL, N'',4,3003),
(4215,4215,N'10214',2017,NULL, N'',4,3003),
(4216,4216,N'10215',2017,NULL, N'',4,3003),
(4217,4217,N'10216',2017,NULL, N'',4,3017),
(4218,4218,N'10217',2017,NULL, N'',4,3018),
(4219,4219,N'10218',2017,NULL, N'',4,3019),
(4220,4220,N'10219',2017,NULL, N'',4,3020),
(4221,4221,N'10220',2017,NULL, N'',4,3021),
(4222,4222,N'10221',2017,NULL, N'',4,3022),
(4223,4223,N'10222',2017,NULL, N'',4,3023),
(4224,4224,N'10223',2017,NULL, N'',4,3024),
(4225,4225,N'10224',2017,NULL, N'',4,3025),
(4226,4226,N'10225',2017,NULL, N'',4,3026),
(4227,4227,N'10226',2017,NULL, N'',4,3027),
(4228,4228,N'10227',2017,NULL, N'',4,3028),
(4229,4229,N'10228',2017,NULL, N'',4,3029),
(4230,4230,N'10229',2017,NULL, N'',4,3030),
(4231,4231,N'10230',2017,NULL, N'',4,3031),
(4232,4232,N'10231',2017,NULL, N'',4,3032),
(4233,4233,N'10232',2017,NULL, N'',4,3033),
(4234,4234,N'10233',2017,NULL, N'',4,3034),
(4235,4235,N'10234',2017,NULL, N'',4,3035),
(4236,4236,N'10235',2017,NULL, N'',4,3036),
(4237,4237,N'10236',2017,NULL, N'',4,3037),
(4238,4238,N'10237',2017,NULL, N'',4,3038),
(4239,4239,N'10238',2017,NULL, N'',4,3039),
(4240,4240,N'10239',2017,NULL, N'',4,3040),
(4241,4241,N'10240',2017,NULL, N'',4,3041),
(4242,4242,N'10241',2017,NULL, N'',4,3042),
(4243,4243,N'10242',2017,NULL, N'',4,3043),
(4244,4244,N'10243',2017,NULL, N'',4,3044),
(4245,4245,N'10244',2017,NULL, N'',4,3015),
(4246,4246,N'10245',2017,NULL, N'',4,3015),
(4247,4247,N'10246',2017,NULL, N'',4,3015),
(4248,4248,N'10247',2017,NULL, N'',4,3015),
(4249,4249,N'10248',2017,NULL, N'',4,3015),
(4250,4250,N'10249',2017,NULL, N'',4,3015),
(4251,4251,N'10250',2017,NULL, N'',4,3015),
(4252,4252,N'10251',2017,NULL, N'',4,3015),
(4253,4253,N'10252',2017,NULL, N'',4,3015),
(4254,4254,N'10253',2017,NULL, N'',4,3015),
(4255,4255,N'10254',2017,NULL, N'',4,3015),
(4256,4256,N'10255',2017,NULL, N'',4,3015),
(4257,4257,N'10256',2017,NULL, N'',4,3015),
(4258,4258,N'10257',2017,NULL, N'',4,3015),
(4259,4259,N'10258',2017,NULL, N'',4,3015),
(4260,4260,N'10259',2017,NULL, N'',4,3015),
(4261,4261,N'10260',2017,NULL, N'',4,3015),
(4262,4262,N'10261',2017,NULL, N'',4,3015),
(4263,4263,N'10262',2017,NULL, N'',4,3015),
(4264,4264,N'10263',2017,NULL, N'',4,3015),
(4265,4265,N'10264',2017,NULL, N'',4,3015),
(4266,4266,N'10265',2017,NULL, N'',4,3015),
(4267,4267,N'10266',2017,NULL, N'',4,3015),
(4268,4268,N'10267',2017,NULL, N'',4,3015),
(4269,4269,N'10268',2017,NULL, N'',4,3015),
(4270,4270,N'10269',2017,NULL, N'',4,3015),
(4271,4271,N'10270',2017,NULL, N'',4,3015),
(4272,4272,N'10271',2017,NULL, N'',4,3015),
(4273,4273,N'10272',2017,NULL, N'',4,3015),
(4274,4274,N'10273',2017,NULL, N'',4,3015),
(4275,4275,N'10274',2017,NULL, N'',4,3015),
(4276,4276,N'10275',2017,NULL, N'',4,3015),
(4277,4277,N'10276',2017,NULL, N'',4,3015),
(4278,4278,N'10277',2017,NULL, N'',4,3015),
(4279,4279,N'10278',2017,NULL, N'',4,3015),
(4280,4280,N'10279',2017,NULL, N'',4,3015),
(4281,4281,N'10280',2017,NULL, N'',4,3015),
(4282,4282,N'10281',2017,NULL, N'',4,3015),
(4283,4283,N'10282',2017,NULL, N'',4,3015),
(4284,4284,N'10283',2017,NULL, N'',4,3015),
(4285,4285,N'10284',2017,NULL, N'',4,3015),
(4286,4286,N'10285',2017,NULL, N'',4,3015),
(4287,4287,N'10286',2017,NULL, N'',4,3015),
(4288,4288,N'10287',2017,NULL, N'',4,3015),
(4289,4289,N'10288',2017,NULL, N'',4,3089),
(4290,4290,N'10289',2017,NULL, N'',4,3090),
(4291,4291,N'10290',2017,NULL, N'',4,3091),
(4292,4292,N'10291',2017,NULL, N'',4,3092),
(4293,4293,N'10292',2017,NULL, N'',4,3093),
(4294,4294,N'10293',2017,NULL, N'',4,3094),
(4295,4295,N'10294',2017,NULL, N'',4,3095),
(4296,4296,N'10295',2017,NULL, N'',4,3096),
(4297,4297,N'10296',2017,NULL, N'',4,3097),
(4298,4298,N'10297',2017,NULL, N'',4,3098),
(4299,4299,N'10298',2017,NULL, N'',4,3099),
(4300,4300,N'10299',2017,NULL, N'',4,3100)
SET IDENTITY_INSERT [acc].[Pigeon] OFF

SET IDENTITY_INSERT [race].[Season] ON
INSERT INTO [race].[Season] ([Id],[EntityInfoId],[SeasonTypeId],[Year])
VALUES
(5001, 5001, 20, 2017),
(5002, 5002, 21, 2017),
(5003, 5003, 20, 2017),
(5004, 5004, 21, 2017)
SET IDENTITY_INSERT [race].[Season] OFF

INSERT INTO [race].[Statement] ([PigeonId],[SeasonId])
VALUES
(4001, 5001),
(4002, 5001),
(4003, 5001),
(4004, 5001),
(4005, 5001),
(4006, 5001),
(4007, 5001),
(4008, 5001),
(4009, 5001),
(4010, 5001),
(4011, 5001),
(4012, 5001),
(4013, 5001),
(4014, 5001),
(4015, 5001),
(4016, 5001),
(4017, 5001),
(4018, 5001),
(4019, 5001),
(4020, 5001),
(4021, 5001),
(4022, 5001),
(4023, 5001),
(4024, 5001),
(4025, 5001),
(4026, 5001),
(4027, 5001),
(4028, 5001),
(4029, 5001),
(4030, 5001),
(4031, 5001),
(4032, 5001),
(4033, 5001),
(4034, 5001),
(4035, 5001),
(4036, 5001),
(4037, 5001),
(4038, 5001),
(4039, 5001),
(4040, 5001),
(4041, 5001),
(4042, 5001),
(4043, 5001),
(4044, 5001),
(4045, 5001),
(4046, 5001),
(4047, 5001),
(4048, 5001),
(4049, 5001),
(4050, 5001),
(4051, 5001),
(4052, 5001),
(4053, 5001),
(4054, 5001),
(4055, 5001),
(4056, 5001),
(4057, 5001),
(4058, 5001),
(4059, 5001),
(4060, 5001),
(4061, 5001),
(4062, 5001),
(4063, 5001),
(4064, 5001),
(4065, 5001),
(4066, 5001),
(4067, 5001),
(4068, 5001),
(4069, 5001),
(4070, 5001),
(4071, 5001),
(4072, 5001),
(4073, 5001),
(4074, 5001),
(4075, 5001),
(4076, 5001),
(4077, 5001),
(4078, 5001),
(4079, 5001),
(4080, 5001),
(4081, 5001),
(4082, 5001),
(4083, 5001),
(4084, 5001),
(4085, 5001),
(4086, 5001),
(4087, 5001),
(4088, 5001),
(4089, 5001),
(4090, 5001),
(4091, 5001),
(4092, 5001),
(4093, 5001),
(4094, 5001),
(4095, 5001),
(4096, 5001),
(4097, 5001),
(4098, 5001),
(4099, 5001),
(4100, 5001),
(4101, 5002),
(4102, 5002),
(4103, 5002),
(4104, 5002),
(4105, 5002),
(4106, 5002),
(4107, 5002),
(4108, 5002),
(4109, 5002),
(4110, 5002),
(4111, 5002),
(4112, 5002),
(4113, 5002),
(4114, 5002),
(4115, 5002),
(4116, 5002),
(4117, 5002),
(4118, 5002),
(4119, 5002),
(4120, 5002),
(4121, 5002),
(4122, 5002),
(4123, 5002),
(4124, 5002),
(4125, 5002),
(4126, 5002),
(4127, 5002),
(4128, 5002),
(4129, 5002),
(4130, 5002),
(4131, 5002),
(4132, 5002),
(4133, 5002),
(4134, 5002),
(4135, 5002),
(4136, 5002),
(4137, 5002),
(4138, 5002),
(4139, 5002),
(4140, 5002),
(4141, 5002),
(4142, 5002),
(4143, 5002),
(4144, 5002),
(4145, 5002),
(4146, 5002),
(4147, 5002),
(4148, 5002),
(4149, 5002),
(4150, 5002),
(4151, 5002),
(4152, 5002),
(4153, 5002),
(4154, 5002),
(4155, 5002),
(4156, 5002),
(4157, 5002),
(4158, 5002),
(4159, 5002),
(4160, 5002),
(4161, 5002),
(4162, 5002),
(4163, 5002),
(4164, 5002),
(4165, 5002),
(4166, 5002),
(4167, 5002),
(4168, 5002),
(4169, 5002),
(4170, 5002),
(4171, 5002),
(4172, 5002),
(4173, 5002),
(4174, 5002),
(4175, 5002),
(4176, 5002),
(4177, 5002),
(4178, 5002),
(4179, 5002),
(4180, 5002),
(4181, 5002),
(4182, 5002),
(4183, 5002),
(4184, 5002),
(4185, 5002),
(4186, 5002),
(4187, 5002),
(4188, 5002),
(4189, 5002),
(4190, 5002),
(4191, 5002),
(4192, 5002),
(4193, 5002),
(4194, 5002),
(4195, 5002),
(4196, 5002),
(4197, 5002),
(4198, 5002),
(4199, 5002),
(4200, 5002),
(4201, 5002),
(4202, 5002),
(4203, 5002),
(4204, 5002),
(4205, 5002),
(4206, 5002),
(4207, 5002),
(4208, 5002),
(4209, 5002),
(4210, 5002),
(4211, 5002),
(4212, 5002),
(4213, 5002),
(4214, 5002),
(4215, 5002),
(4216, 5002),
(4217, 5002),
(4218, 5002),
(4219, 5002),
(4220, 5002),
(4221, 5002),
(4222, 5002),
(4223, 5002),
(4224, 5002),
(4225, 5002),
(4226, 5002),
(4227, 5002),
(4228, 5002),
(4229, 5002),
(4230, 5002),
(4231, 5002),
(4232, 5002),
(4233, 5002),
(4234, 5002),
(4235, 5002),
(4236, 5002),
(4237, 5002),
(4238, 5002),
(4239, 5002),
(4240, 5002),
(4241, 5002),
(4242, 5002),
(4243, 5002),
(4244, 5002),
(4245, 5002),
(4246, 5002),
(4247, 5002),
(4248, 5002),
(4249, 5002),
(4250, 5002),
(4251, 5002),
(4252, 5002),
(4253, 5002),
(4254, 5002),
(4255, 5002),
(4256, 5002),
(4257, 5002),
(4258, 5002),
(4259, 5002),
(4260, 5002),
(4261, 5002),
(4262, 5002),
(4263, 5002),
(4264, 5002),
(4265, 5002),
(4266, 5002),
(4267, 5002),
(4268, 5002),
(4269, 5002),
(4270, 5002),
(4271, 5002),
(4272, 5002),
(4273, 5002),
(4274, 5002),
(4275, 5002),
(4276, 5002),
(4277, 5002),
(4278, 5002),
(4279, 5002),
(4280, 5002),
(4281, 5002),
(4282, 5002),
(4283, 5002),
(4284, 5002),
(4285, 5002),
(4286, 5002),
(4287, 5002),
(4288, 5002),
(4289, 5002),
(4290, 5002),
(4291, 5002),
(4292, 5002),
(4293, 5002),
(4294, 5002),
(4295, 5002),
(4296, 5002),
(4297, 5002),
(4298, 5002),
(4299, 5002),
(4300, 5002)

SET IDENTITY_INSERT [race].[Point] ON
INSERT INTO [race].[Point] ([Id],[EntityInfoId],[AddressId],[Name])
VALUES
(10001, 10001, 11, N'Іванівка'),
(10002, 10002, 12, N'Червоне'),
(10003, 10003, 13, N'Немирів'),
(10004, 10004, 14, N'Лука'),
(10005, 10005, 15, N'Павлиш'),
(10006, 10006, 16, N'Валки'),
(10007, 10007, 17, N'Сокиряни'),
(10008, 10008, 18, N'Хмельницький'),
(10009, 10009, 19, N'Вінниця'),
(10010, 10010, 20, N'Умань')
SET IDENTITY_INSERT [race].[Point] OFF

DECLARE @StartRaceTime DATETIME = '2017-01-25 07:15:00'

SET IDENTITY_INSERT [race].[Race] ON
INSERT INTO [race].[Race] ([Id], [Name], [StartRaceTime], [DarknessBeginTime], [DarknessEndTime], [StartСompetitionTime], [EndСompetitionTime], [Weather], [RaceTypeId], [PointId], [SeasonId], [EntityInfoId])
VALUES
(6001, N'Іванівка',		NULL, NULL, NULL, NULL, NULL, NULL, 22, 10001, 5001, 6001),
(6002, N'Червоне',		NULL, NULL, NULL, NULL, NULL, NULL, 22, 10002, 5001, 6002),
(6003, N'Немирів',		NULL, NULL, NULL, NULL, NULL, NULL, 22, 10003, 5001, 6003),
(6004, N'Лука 1',		NULL, NULL, NULL, NULL, NULL, NULL, 22, 10004, 5001, 6004),
(6005, N'Павлиш 1',		NULL, NULL, NULL, NULL, NULL, NULL, 22, 10005, 5001, 6005),
(6006, N'Павлиш 2',		NULL, NULL, NULL, NULL, NULL, NULL, 22, 10005, 5001, 6006),
(6007, N'Лука 2',		NULL, NULL, NULL, NULL, NULL, NULL, 22, 10004, 5001, 6007),
(6008, N'Павлиш 3',		NULL, NULL, NULL, NULL, NULL, NULL, 22, 10005, 5001, 6008),
(6009, N'Лука 3',		NULL, NULL, NULL, NULL, NULL, NULL, 22, 10004, 5001, 6009),
(6010, N'Валки 1',		NULL, NULL, NULL, NULL, NULL, NULL, 22, 10006, 5001, 6010),
(6011, N'Лука 4',		NULL, NULL, NULL, NULL, NULL, NULL, 22, 10004, 5001, 6011),
(6012, N'Валки 2',		NULL, NULL, NULL, NULL, NULL, NULL, 22, 10006, 5001, 6012),
(6013, N'Сокиряни',		@StartRaceTime, '2017-01-25 06:05:00', '2017-01-25 19:00:00', NULL, NULL, N'Туман', 22, 10007, 5002, 6013),
(6014, N'Хмельницький',	NULL, NULL, NULL, NULL, NULL, NULL, 22, 10008, 5002, 6014),
(6015, N'Вінниця',		NULL, NULL, NULL, NULL, NULL, NULL, 22, 10009, 5002, 6015),
(6016, N'Умань',		NULL, NULL, NULL, NULL, NULL, NULL, 22, 10010, 5002, 6016),
(6017, N'Лука',			NULL, NULL, NULL, NULL, NULL, NULL, 22, 10004, 5002, 6017)
SET IDENTITY_INSERT [race].[Race] OFF

INSERT INTO [race].[RacePigeon] ([RaceId], [PigeonId])
VALUES
(6001, 4001),
(6001, 4002),
(6001, 4003),
(6001, 4004),
(6001, 4005),
(6001, 4006),
(6001, 4007),
(6001, 4008),
(6001, 4009),
(6001, 4010),
(6001, 4011),
(6001, 4012),
(6001, 4013),
(6001, 4014),
(6001, 4015),
(6001, 4016),
(6001, 4017),
(6001, 4018),
(6001, 4019),
(6001, 4020),
(6001, 4021),
(6001, 4022),
(6001, 4023),
(6001, 4024),
(6001, 4025),
(6001, 4026),
(6001, 4027),
(6001, 4028),
(6001, 4029),
(6001, 4030),
(6001, 4031),
(6001, 4032),
(6001, 4033),
(6001, 4034),
(6001, 4035),
(6001, 4036),
(6001, 4037),
(6001, 4038),
(6001, 4039),
(6001, 4040),
(6001, 4041),
(6001, 4042),
(6001, 4043),
(6001, 4044),
(6001, 4045),
(6001, 4046),
(6001, 4047),
(6001, 4048),
(6001, 4049),
(6001, 4050),
(6001, 4051),
(6001, 4052),
(6001, 4053),
(6001, 4054),
(6001, 4055),
(6001, 4056),
(6001, 4057),
(6001, 4058),
(6001, 4059),
(6001, 4060),
(6001, 4061),
(6001, 4062),
(6001, 4063),
(6001, 4064),
(6001, 4065),
(6001, 4066),
(6001, 4067),
(6001, 4068),
(6001, 4069),
(6001, 4070),
(6001, 4071),
(6001, 4072),
(6001, 4073),
(6001, 4074),
(6001, 4075),
(6001, 4076),
(6001, 4077),
(6001, 4078),
(6001, 4079),
(6001, 4080),
(6001, 4081),
(6001, 4082),
(6001, 4083),
(6001, 4084),
(6001, 4085),
(6001, 4086),
(6001, 4087),
(6001, 4088),
(6001, 4089),
(6001, 4090),
(6001, 4091),
(6001, 4092),
(6001, 4093),
(6001, 4094),
(6001, 4095),
(6001, 4096),
(6001, 4097),
(6001, 4098),
(6001, 4099),
(6001, 4100),

(6002, 4001),
(6002, 4002),
(6002, 4003),
(6002, 4004),
(6002, 4005),
(6002, 4006),
(6002, 4007),
(6002, 4008),
(6002, 4009),
(6002, 4010),
(6002, 4011),
(6002, 4012),
(6002, 4013),
(6002, 4014),
(6002, 4015),
(6002, 4016),
(6002, 4017),
(6002, 4018),
(6002, 4019),
(6002, 4020),
(6002, 4021),
(6002, 4022),
(6002, 4023),
(6002, 4024),
(6002, 4025),
(6002, 4026),
(6002, 4027),
(6002, 4028),
(6002, 4029),
(6002, 4030),
(6002, 4031),
(6002, 4032),
(6002, 4033),
(6002, 4034),
(6002, 4035),
(6002, 4036),
(6002, 4037),
(6002, 4038),
(6002, 4039),
(6002, 4040),
(6002, 4041),
(6002, 4042),
(6002, 4043),
(6002, 4044),
(6002, 4045),
(6002, 4046),
(6002, 4047),
(6002, 4048),
(6002, 4049),
(6002, 4050),
(6002, 4051),
(6002, 4052),
(6002, 4053),
(6002, 4054),
(6002, 4055),
(6002, 4056),
(6002, 4057),
(6002, 4058),
(6002, 4059),
(6002, 4060),
(6002, 4061),
(6002, 4062),
(6002, 4063),
(6002, 4064),
(6002, 4065),
(6002, 4066),
(6002, 4067),
(6002, 4068),
(6002, 4069),
(6002, 4070),
(6002, 4071),
(6002, 4072),
(6002, 4073),
(6002, 4074),
(6002, 4075),
(6002, 4076),
(6002, 4077),
(6002, 4078),
(6002, 4079),
(6002, 4080),
(6002, 4081),
(6002, 4082),
(6002, 4083),
(6002, 4084),
(6002, 4085),
(6002, 4086),
(6002, 4087),
(6002, 4088),
(6002, 4089),
(6002, 4090),
(6002, 4091),
(6002, 4092),
(6002, 4093),
(6002, 4094),
(6002, 4095),
(6002, 4096),
(6002, 4097),
(6002, 4098),
(6002, 4099),
(6002, 4100),

(6012, 4001),
(6012, 4002),
(6012, 4003),
(6012, 4004),
(6012, 4005),
(6012, 4006),
(6012, 4007),
(6012, 4008),
(6012, 4009),
(6012, 4010),
(6012, 4011),
(6012, 4012),
(6012, 4013),
(6012, 4014),
(6012, 4015),
(6012, 4016),
(6012, 4017),
(6012, 4018),
(6012, 4019),
(6012, 4020),
(6012, 4021),
(6012, 4022),
(6012, 4023),
(6012, 4024),
(6012, 4025),
(6012, 4026),
(6012, 4027),
(6012, 4028),
(6012, 4029),
(6012, 4030),
(6012, 4031),
(6012, 4032),
(6012, 4033),
(6012, 4034),
(6012, 4035),
(6012, 4036),
(6012, 4037),
(6012, 4038),
(6012, 4039),
(6012, 4040),
(6012, 4041),
(6012, 4042),
(6012, 4043),
(6012, 4044),
(6012, 4045),
(6012, 4046),
(6012, 4047),
(6012, 4048),
(6012, 4049),
(6012, 4050),
(6012, 4051),
(6012, 4052),
(6012, 4053),
(6012, 4054),
(6012, 4055),
(6012, 4056),
(6012, 4057),
(6012, 4058),
(6012, 4059),
(6012, 4060),
(6012, 4061),
(6012, 4062),
(6012, 4063),
(6012, 4064),
(6012, 4065),
(6012, 4066),
(6012, 4067),
(6012, 4068),
(6012, 4069),
(6012, 4070),
(6012, 4071),
(6012, 4072),
(6012, 4073),
(6012, 4074),
(6012, 4075),
(6012, 4076),
(6012, 4077),
(6012, 4078),
(6012, 4079),
(6012, 4080),
(6012, 4081),
(6012, 4082),
(6012, 4083),
(6012, 4084),
(6012, 4085),
(6012, 4086),
(6012, 4087),
(6012, 4088),
(6012, 4089),
(6012, 4090),
(6012, 4091),
(6012, 4092),
(6012, 4093),
(6012, 4094),
(6012, 4095),
(6012, 4096),
(6012, 4097),
(6012, 4098),
(6012, 4099),
(6012, 4100),

(6013, 4101),
(6013, 4102),
(6013, 4103),
(6013, 4104),
(6013, 4105),
(6013, 4106),
(6013, 4107),
(6013, 4108),
(6013, 4109),
(6013, 4110),
(6013, 4111),
(6013, 4112),
(6013, 4113),
(6013, 4114),
(6013, 4115),
(6013, 4116),
(6013, 4117),
(6013, 4118),
(6013, 4119),
(6013, 4120),
(6013, 4121),
(6013, 4122),
(6013, 4123),
(6013, 4124),
(6013, 4125),
(6013, 4126),
(6013, 4127),
(6013, 4128),
(6013, 4129),
(6013, 4130),
(6013, 4131),
(6013, 4132),
(6013, 4133),
(6013, 4134),
(6013, 4135),
(6013, 4136),
(6013, 4137),
(6013, 4138),
(6013, 4139),
(6013, 4140),
(6013, 4141),
(6013, 4142),
(6013, 4143),
(6013, 4144),
(6013, 4145),
(6013, 4146),
(6013, 4147),
(6013, 4148),
(6013, 4149),
(6013, 4150),
(6013, 4151),
(6013, 4152),
(6013, 4153),
(6013, 4154),
(6013, 4155),
(6013, 4156),
(6013, 4157),
(6013, 4158),
(6013, 4159),
(6013, 4160),
(6013, 4161),
(6013, 4162),
(6013, 4163),
(6013, 4164),
(6013, 4165),
(6013, 4166),
(6013, 4167),
(6013, 4168),
(6013, 4169),
(6013, 4170),
(6013, 4171),
(6013, 4172),
(6013, 4173),
(6013, 4174),
(6013, 4175),
(6013, 4176),
(6013, 4177),
(6013, 4178),
(6013, 4179),
(6013, 4180),
(6013, 4181),
(6013, 4182),
(6013, 4183),
(6013, 4184),
(6013, 4185),
(6013, 4186),
(6013, 4187),
(6013, 4188),
(6013, 4189),
(6013, 4190),
(6013, 4191),
(6013, 4192),
(6013, 4193),
(6013, 4194),
(6013, 4195),
(6013, 4196),
(6013, 4197),
(6013, 4198),
(6013, 4199),
(6013, 4200),
(6013, 4201),
(6013, 4202),
(6013, 4203),
(6013, 4204),
(6013, 4205),
(6013, 4206),
(6013, 4207),
(6013, 4208),
(6013, 4209),
(6013, 4210),
(6013, 4211),
(6013, 4212),
(6013, 4213),
(6013, 4214),
(6013, 4215),
(6013, 4216),
(6013, 4217),
(6013, 4218),
(6013, 4219),
(6013, 4220),
(6013, 4221),
(6013, 4222),
(6013, 4223),
(6013, 4224),
(6013, 4225),
(6013, 4226),
(6013, 4227),
(6013, 4228),
(6013, 4229),
(6013, 4230),
(6013, 4231),
(6013, 4232),
(6013, 4233),
(6013, 4234),
(6013, 4235),
(6013, 4236),
(6013, 4237),
(6013, 4238),
(6013, 4239),
(6013, 4240),
(6013, 4241),
(6013, 4242),
(6013, 4243),
(6013, 4244),
(6013, 4245),
(6013, 4246),
(6013, 4247),
(6013, 4248),
(6013, 4249),
(6013, 4250),
(6013, 4251),
(6013, 4252),
(6013, 4253),
(6013, 4254),
(6013, 4255),
(6013, 4256),
(6013, 4257),
(6013, 4258),
(6013, 4259),
(6013, 4260),
(6013, 4261),
(6013, 4262),
(6013, 4263),
(6013, 4264),
(6013, 4265),
(6013, 4266),
(6013, 4267),
(6013, 4268),
(6013, 4269),
(6013, 4270),
(6013, 4271),
(6013, 4272),
(6013, 4273),
(6013, 4274),
(6013, 4275),
(6013, 4276),
(6013, 4277),
(6013, 4278),
(6013, 4279),
(6013, 4280),
(6013, 4281),
(6013, 4282),
(6013, 4283),
(6013, 4284),
(6013, 4285),
(6013, 4286),
(6013, 4287),
(6013, 4288),
(6013, 4289),
(6013, 4290),
(6013, 4291),
(6013, 4292),
(6013, 4293),
(6013, 4294),
(6013, 4295),
(6013, 4296),
(6013, 4297),
(6013, 4298),
(6013, 4299),
(6013, 4300)



INSERT INTO [race].[PigeonReturnTime] ([RaceId], [PigeonId], [ReturnTime])
VALUES
(6001, 4001, DATEADD(MINUTE,61,@StartRaceTime)),
(6001, 4002, DATEADD(MINUTE,62,@StartRaceTime)),
(6001, 4003, DATEADD(MINUTE,63,@StartRaceTime)),
(6001, 4004, DATEADD(MINUTE,64,@StartRaceTime)),
(6001, 4005, DATEADD(MINUTE,65,@StartRaceTime)),
(6001, 4006, DATEADD(MINUTE,66,@StartRaceTime)),
(6001, 4007, DATEADD(MINUTE,67,@StartRaceTime)),
(6001, 4008, DATEADD(MINUTE,68,@StartRaceTime)),
(6001, 4009, DATEADD(MINUTE,69,@StartRaceTime)),
(6001, 4010, DATEADD(MINUTE,110,@StartRaceTime)),
(6001, 4011, DATEADD(MINUTE,111,@StartRaceTime)),
(6001, 4012, DATEADD(MINUTE,112,@StartRaceTime)),
(6001, 4013, DATEADD(MINUTE,113,@StartRaceTime)),
(6001, 4014, DATEADD(MINUTE,114,@StartRaceTime)),
(6001, 4015, DATEADD(MINUTE,115,@StartRaceTime)),
(6001, 4016, DATEADD(MINUTE,116,@StartRaceTime)),
(6001, 4017, DATEADD(MINUTE,117,@StartRaceTime)),
(6001, 4018, DATEADD(MINUTE,118,@StartRaceTime)),
(6001, 4019, DATEADD(MINUTE,119,@StartRaceTime)),
(6001, 4020, DATEADD(MINUTE,120,@StartRaceTime)),
(6001, 4021, DATEADD(MINUTE,121,@StartRaceTime)),
(6001, 4022, DATEADD(MINUTE,122,@StartRaceTime)),
(6001, 4023, DATEADD(MINUTE,123,@StartRaceTime)),
(6001, 4024, DATEADD(MINUTE,124,@StartRaceTime)),
(6001, 4025, DATEADD(MINUTE,125,@StartRaceTime)),
(6001, 4026, DATEADD(MINUTE,126,@StartRaceTime)),
(6001, 4027, DATEADD(MINUTE,127,@StartRaceTime)),
(6001, 4028, DATEADD(MINUTE,128,@StartRaceTime)),
(6001, 4029, DATEADD(MINUTE,129,@StartRaceTime)),
(6001, 4030, DATEADD(MINUTE,130,@StartRaceTime)),
(6001, 4031, DATEADD(MINUTE,131,@StartRaceTime)),
(6001, 4032, DATEADD(MINUTE,132,@StartRaceTime)),
(6001, 4033, DATEADD(MINUTE,133,@StartRaceTime)),
(6001, 4034, DATEADD(MINUTE,134,@StartRaceTime)),
(6001, 4035, DATEADD(MINUTE,135,@StartRaceTime)),
(6001, 4036, DATEADD(MINUTE,136,@StartRaceTime)),
(6001, 4037, DATEADD(MINUTE,137,@StartRaceTime)),
(6001, 4038, DATEADD(MINUTE,138,@StartRaceTime)),
(6001, 4039, DATEADD(MINUTE,139,@StartRaceTime)),
(6001, 4040, DATEADD(MINUTE,140,@StartRaceTime)),
(6001, 4041, DATEADD(MINUTE,141,@StartRaceTime)),
(6001, 4042, DATEADD(MINUTE,142,@StartRaceTime)),
(6001, 4043, DATEADD(MINUTE,143,@StartRaceTime)),
(6001, 4044, DATEADD(MINUTE,144,@StartRaceTime)),
(6001, 4045, DATEADD(MINUTE,145,@StartRaceTime)),
(6001, 4046, DATEADD(MINUTE,146,@StartRaceTime)),
(6001, 4047, DATEADD(MINUTE,147,@StartRaceTime)),
(6001, 4048, DATEADD(MINUTE,148,@StartRaceTime)),
(6001, 4049, DATEADD(MINUTE,149,@StartRaceTime)),
(6001, 4050, DATEADD(MINUTE,150,@StartRaceTime)),
(6001, 4051, DATEADD(MINUTE,151,@StartRaceTime)),
(6001, 4052, DATEADD(MINUTE,152,@StartRaceTime)),
(6001, 4053, DATEADD(MINUTE,153,@StartRaceTime)),
(6001, 4054, DATEADD(MINUTE,154,@StartRaceTime)),
(6001, 4055, DATEADD(MINUTE,155,@StartRaceTime)),
(6001, 4056, DATEADD(MINUTE,156,@StartRaceTime)),
(6001, 4057, DATEADD(MINUTE,157,@StartRaceTime)),
(6001, 4058, DATEADD(MINUTE,158,@StartRaceTime)),
(6001, 4059, DATEADD(MINUTE,159,@StartRaceTime)),
(6001, 4060, DATEADD(MINUTE,160,@StartRaceTime)),
(6001, 4061, DATEADD(MINUTE,161,@StartRaceTime)),
(6001, 4062, DATEADD(MINUTE,162,@StartRaceTime)),
(6001, 4063, DATEADD(MINUTE,163,@StartRaceTime)),
(6001, 4064, DATEADD(MINUTE,164,@StartRaceTime)),
(6001, 4065, DATEADD(MINUTE,165,@StartRaceTime)),
(6001, 4066, DATEADD(MINUTE,166,@StartRaceTime)),
(6001, 4067, DATEADD(MINUTE,167,@StartRaceTime)),
(6001, 4068, DATEADD(MINUTE,168,@StartRaceTime)),
(6001, 4069, DATEADD(MINUTE,169,@StartRaceTime)),
(6001, 4070, DATEADD(MINUTE,170,@StartRaceTime)),
(6001, 4071, DATEADD(MINUTE,171,@StartRaceTime)),
(6001, 4072, DATEADD(MINUTE,172,@StartRaceTime)),
(6001, 4073, DATEADD(MINUTE,173,@StartRaceTime)),
(6001, 4074, DATEADD(MINUTE,174,@StartRaceTime)),
(6001, 4075, DATEADD(MINUTE,175,@StartRaceTime)),
(6001, 4076, DATEADD(MINUTE,176,@StartRaceTime)),
(6001, 4077, DATEADD(MINUTE,177,@StartRaceTime)),
(6001, 4078, DATEADD(MINUTE,178,@StartRaceTime)),
(6001, 4079, DATEADD(MINUTE,179,@StartRaceTime)),
(6001, 4080, DATEADD(MINUTE,180,@StartRaceTime)),
(6001, 4081, DATEADD(MINUTE,181,@StartRaceTime)),
(6001, 4082, DATEADD(MINUTE,182,@StartRaceTime)),
(6001, 4083, DATEADD(MINUTE,183,@StartRaceTime)),
(6001, 4084, DATEADD(MINUTE,184,@StartRaceTime)),
(6001, 4085, DATEADD(MINUTE,185,@StartRaceTime)),
(6001, 4086, DATEADD(MINUTE,186,@StartRaceTime)),
(6001, 4087, DATEADD(MINUTE,187,@StartRaceTime)),
(6001, 4088, DATEADD(MINUTE,188,@StartRaceTime)),
(6001, 4089, DATEADD(MINUTE,189,@StartRaceTime)),
(6001, 4090, DATEADD(MINUTE,190,@StartRaceTime)),
(6001, 4091, DATEADD(MINUTE,191,@StartRaceTime)),
(6001, 4092, DATEADD(MINUTE,192,@StartRaceTime)),
(6001, 4093, DATEADD(MINUTE,193,@StartRaceTime)),
(6001, 4094, DATEADD(MINUTE,194,@StartRaceTime)),
(6001, 4095, DATEADD(MINUTE,195,@StartRaceTime)),
(6001, 4096, DATEADD(MINUTE,196,@StartRaceTime)),
(6001, 4097, DATEADD(MINUTE,197,@StartRaceTime)),
(6001, 4098, DATEADD(MINUTE,198,@StartRaceTime)),
(6001, 4099, DATEADD(MINUTE,199,@StartRaceTime)),
(6001, 4100, DATEADD(MINUTE,100,@StartRaceTime)),
(6002, 4001, DATEADD(MINUTE,61,@StartRaceTime)),
(6002, 4002, DATEADD(MINUTE,62,@StartRaceTime)),
(6002, 4003, DATEADD(MINUTE,63,@StartRaceTime)),
(6002, 4004, DATEADD(MINUTE,64,@StartRaceTime)),
(6002, 4005, DATEADD(MINUTE,65,@StartRaceTime)),
(6002, 4006, DATEADD(MINUTE,66,@StartRaceTime)),
(6002, 4007, DATEADD(MINUTE,67,@StartRaceTime)),
(6002, 4008, DATEADD(MINUTE,68,@StartRaceTime)),
(6002, 4009, DATEADD(MINUTE,69,@StartRaceTime)),
(6002, 4010, DATEADD(MINUTE,110,@StartRaceTime)),
(6002, 4011, DATEADD(MINUTE,111,@StartRaceTime)),
(6002, 4012, DATEADD(MINUTE,112,@StartRaceTime)),
(6002, 4013, DATEADD(MINUTE,113,@StartRaceTime)),
(6002, 4014, DATEADD(MINUTE,114,@StartRaceTime)),
(6002, 4015, DATEADD(MINUTE,115,@StartRaceTime)),
(6002, 4016, DATEADD(MINUTE,116,@StartRaceTime)),
(6002, 4017, DATEADD(MINUTE,117,@StartRaceTime)),
(6002, 4018, DATEADD(MINUTE,118,@StartRaceTime)),
(6002, 4019, DATEADD(MINUTE,119,@StartRaceTime)),
(6002, 4020, DATEADD(MINUTE,120,@StartRaceTime)),
(6002, 4021, DATEADD(MINUTE,121,@StartRaceTime)),
(6002, 4022, DATEADD(MINUTE,122,@StartRaceTime)),
(6002, 4023, DATEADD(MINUTE,123,@StartRaceTime)),
(6002, 4024, DATEADD(MINUTE,124,@StartRaceTime)),
(6002, 4025, DATEADD(MINUTE,125,@StartRaceTime)),
(6002, 4026, DATEADD(MINUTE,126,@StartRaceTime)),
(6002, 4027, DATEADD(MINUTE,127,@StartRaceTime)),
(6002, 4028, DATEADD(MINUTE,128,@StartRaceTime)),
(6002, 4029, DATEADD(MINUTE,129,@StartRaceTime)),
(6002, 4030, DATEADD(MINUTE,130,@StartRaceTime)),
(6002, 4031, DATEADD(MINUTE,131,@StartRaceTime)),
(6002, 4032, DATEADD(MINUTE,132,@StartRaceTime)),
(6002, 4033, DATEADD(MINUTE,133,@StartRaceTime)),
(6002, 4034, DATEADD(MINUTE,134,@StartRaceTime)),
(6002, 4035, DATEADD(MINUTE,135,@StartRaceTime)),
(6002, 4036, DATEADD(MINUTE,136,@StartRaceTime)),
(6002, 4037, DATEADD(MINUTE,137,@StartRaceTime)),
(6002, 4038, DATEADD(MINUTE,138,@StartRaceTime)),
(6002, 4039, DATEADD(MINUTE,139,@StartRaceTime)),
(6002, 4040, DATEADD(MINUTE,140,@StartRaceTime)),
(6002, 4041, DATEADD(MINUTE,141,@StartRaceTime)),
(6002, 4042, DATEADD(MINUTE,142,@StartRaceTime)),
(6002, 4043, DATEADD(MINUTE,143,@StartRaceTime)),
(6002, 4044, DATEADD(MINUTE,144,@StartRaceTime)),
(6002, 4045, DATEADD(MINUTE,145,@StartRaceTime)),
(6002, 4046, DATEADD(MINUTE,146,@StartRaceTime)),
(6002, 4047, DATEADD(MINUTE,147,@StartRaceTime)),
(6002, 4048, DATEADD(MINUTE,148,@StartRaceTime)),
(6002, 4049, DATEADD(MINUTE,149,@StartRaceTime)),
(6002, 4050, DATEADD(MINUTE,150,@StartRaceTime)),
(6002, 4051, DATEADD(MINUTE,151,@StartRaceTime)),
(6002, 4052, DATEADD(MINUTE,152,@StartRaceTime)),
(6002, 4053, DATEADD(MINUTE,153,@StartRaceTime)),
(6002, 4054, DATEADD(MINUTE,154,@StartRaceTime)),
(6002, 4055, DATEADD(MINUTE,155,@StartRaceTime)),
(6002, 4056, DATEADD(MINUTE,156,@StartRaceTime)),
(6002, 4057, DATEADD(MINUTE,157,@StartRaceTime)),
(6002, 4058, DATEADD(MINUTE,158,@StartRaceTime)),
(6002, 4059, DATEADD(MINUTE,159,@StartRaceTime)),
(6002, 4060, DATEADD(MINUTE,160,@StartRaceTime)),
(6002, 4061, DATEADD(MINUTE,161,@StartRaceTime)),
(6002, 4062, DATEADD(MINUTE,162,@StartRaceTime)),
(6002, 4063, DATEADD(MINUTE,163,@StartRaceTime)),
(6002, 4064, DATEADD(MINUTE,164,@StartRaceTime)),
(6002, 4065, DATEADD(MINUTE,165,@StartRaceTime)),
(6002, 4066, DATEADD(MINUTE,166,@StartRaceTime)),
(6002, 4067, DATEADD(MINUTE,167,@StartRaceTime)),
(6002, 4068, DATEADD(MINUTE,168,@StartRaceTime)),
(6002, 4069, DATEADD(MINUTE,169,@StartRaceTime)),
(6002, 4070, DATEADD(MINUTE,170,@StartRaceTime)),
(6002, 4071, DATEADD(MINUTE,171,@StartRaceTime)),
(6002, 4072, DATEADD(MINUTE,172,@StartRaceTime)),
(6002, 4073, DATEADD(MINUTE,173,@StartRaceTime)),
(6002, 4074, DATEADD(MINUTE,174,@StartRaceTime)),
(6002, 4075, DATEADD(MINUTE,175,@StartRaceTime)),
(6002, 4076, DATEADD(MINUTE,176,@StartRaceTime)),
(6002, 4077, DATEADD(MINUTE,177,@StartRaceTime)),
(6002, 4078, DATEADD(MINUTE,178,@StartRaceTime)),
(6002, 4079, DATEADD(MINUTE,179,@StartRaceTime)),
(6002, 4080, DATEADD(MINUTE,180,@StartRaceTime)),
(6002, 4081, DATEADD(MINUTE,181,@StartRaceTime)),
(6002, 4082, DATEADD(MINUTE,182,@StartRaceTime)),
(6002, 4083, DATEADD(MINUTE,183,@StartRaceTime)),
(6002, 4084, DATEADD(MINUTE,184,@StartRaceTime)),
(6002, 4085, DATEADD(MINUTE,185,@StartRaceTime)),
(6002, 4086, DATEADD(MINUTE,186,@StartRaceTime)),
(6002, 4087, DATEADD(MINUTE,187,@StartRaceTime)),
(6002, 4088, DATEADD(MINUTE,188,@StartRaceTime)),
(6002, 4089, DATEADD(MINUTE,189,@StartRaceTime)),
(6002, 4090, DATEADD(MINUTE,190,@StartRaceTime)),
(6002, 4091, DATEADD(MINUTE,191,@StartRaceTime)),
(6002, 4092, DATEADD(MINUTE,192,@StartRaceTime)),
(6002, 4093, DATEADD(MINUTE,193,@StartRaceTime)),
(6002, 4094, DATEADD(MINUTE,194,@StartRaceTime)),
(6002, 4095, DATEADD(MINUTE,195,@StartRaceTime)),
(6002, 4096, DATEADD(MINUTE,196,@StartRaceTime)),
(6002, 4097, DATEADD(MINUTE,197,@StartRaceTime)),
(6002, 4098, DATEADD(MINUTE,198,@StartRaceTime)),
(6002, 4099, DATEADD(MINUTE,199,@StartRaceTime)),
(6002, 4100, DATEADD(MINUTE,100,@StartRaceTime)),
(6012, 4001, DATEADD(MINUTE,61,@StartRaceTime)),
(6012, 4002, DATEADD(MINUTE,62,@StartRaceTime)),
(6012, 4003, DATEADD(MINUTE,63,@StartRaceTime)),
(6012, 4004, DATEADD(MINUTE,64,@StartRaceTime)),
(6012, 4005, DATEADD(MINUTE,65,@StartRaceTime)),
(6012, 4006, DATEADD(MINUTE,66,@StartRaceTime)),
(6012, 4007, DATEADD(MINUTE,67,@StartRaceTime)),
(6012, 4008, DATEADD(MINUTE,68,@StartRaceTime)),
(6012, 4009, DATEADD(MINUTE,69,@StartRaceTime)),
(6012, 4010, DATEADD(MINUTE,110,@StartRaceTime)),
(6012, 4011, DATEADD(MINUTE,111,@StartRaceTime)),
(6012, 4012, DATEADD(MINUTE,112,@StartRaceTime)),
(6012, 4013, DATEADD(MINUTE,113,@StartRaceTime)),
(6012, 4014, DATEADD(MINUTE,114,@StartRaceTime)),
(6012, 4015, DATEADD(MINUTE,115,@StartRaceTime)),
(6012, 4016, DATEADD(MINUTE,116,@StartRaceTime)),
(6012, 4017, DATEADD(MINUTE,117,@StartRaceTime)),
(6012, 4018, DATEADD(MINUTE,118,@StartRaceTime)),
(6012, 4019, DATEADD(MINUTE,119,@StartRaceTime)),
(6012, 4020, DATEADD(MINUTE,120,@StartRaceTime)),
(6012, 4021, DATEADD(MINUTE,121,@StartRaceTime)),
(6012, 4022, DATEADD(MINUTE,122,@StartRaceTime)),
(6012, 4023, DATEADD(MINUTE,123,@StartRaceTime)),
(6012, 4024, DATEADD(MINUTE,124,@StartRaceTime)),
(6012, 4025, DATEADD(MINUTE,125,@StartRaceTime)),
(6012, 4026, DATEADD(MINUTE,126,@StartRaceTime)),
(6012, 4027, DATEADD(MINUTE,127,@StartRaceTime)),
(6012, 4028, DATEADD(MINUTE,128,@StartRaceTime)),
(6012, 4029, DATEADD(MINUTE,129,@StartRaceTime)),
(6012, 4030, DATEADD(MINUTE,130,@StartRaceTime)),
(6012, 4031, DATEADD(MINUTE,131,@StartRaceTime)),
(6012, 4032, DATEADD(MINUTE,132,@StartRaceTime)),
(6012, 4033, DATEADD(MINUTE,133,@StartRaceTime)),
(6012, 4034, DATEADD(MINUTE,134,@StartRaceTime)),
(6012, 4035, DATEADD(MINUTE,135,@StartRaceTime)),
(6012, 4036, DATEADD(MINUTE,136,@StartRaceTime)),
(6012, 4037, DATEADD(MINUTE,137,@StartRaceTime)),
(6012, 4038, DATEADD(MINUTE,138,@StartRaceTime)),
(6012, 4039, DATEADD(MINUTE,139,@StartRaceTime)),
(6012, 4040, DATEADD(MINUTE,140,@StartRaceTime)),
(6012, 4041, DATEADD(MINUTE,141,@StartRaceTime)),
(6012, 4042, DATEADD(MINUTE,142,@StartRaceTime)),
(6012, 4043, DATEADD(MINUTE,143,@StartRaceTime)),
(6012, 4044, DATEADD(MINUTE,144,@StartRaceTime)),
(6012, 4045, DATEADD(MINUTE,145,@StartRaceTime)),
(6012, 4046, DATEADD(MINUTE,146,@StartRaceTime)),
(6012, 4047, DATEADD(MINUTE,147,@StartRaceTime)),
(6012, 4048, DATEADD(MINUTE,148,@StartRaceTime)),
(6012, 4049, DATEADD(MINUTE,149,@StartRaceTime)),
(6012, 4050, DATEADD(MINUTE,150,@StartRaceTime)),
(6012, 4051, DATEADD(MINUTE,151,@StartRaceTime)),
(6012, 4052, DATEADD(MINUTE,152,@StartRaceTime)),
(6012, 4053, DATEADD(MINUTE,153,@StartRaceTime)),
(6012, 4054, DATEADD(MINUTE,154,@StartRaceTime)),
(6012, 4055, DATEADD(MINUTE,155,@StartRaceTime)),
(6012, 4056, DATEADD(MINUTE,156,@StartRaceTime)),
(6012, 4057, DATEADD(MINUTE,157,@StartRaceTime)),
(6012, 4058, DATEADD(MINUTE,158,@StartRaceTime)),
(6012, 4059, DATEADD(MINUTE,159,@StartRaceTime)),
(6012, 4060, DATEADD(MINUTE,160,@StartRaceTime)),
(6012, 4061, DATEADD(MINUTE,161,@StartRaceTime)),
(6012, 4062, DATEADD(MINUTE,162,@StartRaceTime)),
(6012, 4063, DATEADD(MINUTE,163,@StartRaceTime)),
(6012, 4064, DATEADD(MINUTE,164,@StartRaceTime)),
(6012, 4065, DATEADD(MINUTE,165,@StartRaceTime)),
(6012, 4066, DATEADD(MINUTE,166,@StartRaceTime)),
(6012, 4067, DATEADD(MINUTE,167,@StartRaceTime)),
(6012, 4068, DATEADD(MINUTE,168,@StartRaceTime)),
(6012, 4069, DATEADD(MINUTE,169,@StartRaceTime)),
(6012, 4070, DATEADD(MINUTE,170,@StartRaceTime)),
(6012, 4071, DATEADD(MINUTE,171,@StartRaceTime)),
(6012, 4072, DATEADD(MINUTE,172,@StartRaceTime)),
(6012, 4073, DATEADD(MINUTE,173,@StartRaceTime)),
(6012, 4074, DATEADD(MINUTE,174,@StartRaceTime)),
(6012, 4075, DATEADD(MINUTE,175,@StartRaceTime)),
(6012, 4076, DATEADD(MINUTE,176,@StartRaceTime)),
(6012, 4077, DATEADD(MINUTE,177,@StartRaceTime)),
(6012, 4078, DATEADD(MINUTE,178,@StartRaceTime)),
(6012, 4079, DATEADD(MINUTE,179,@StartRaceTime)),
(6012, 4080, DATEADD(MINUTE,180,@StartRaceTime)),
(6012, 4081, DATEADD(MINUTE,181,@StartRaceTime)),
(6012, 4082, DATEADD(MINUTE,182,@StartRaceTime)),
(6012, 4083, DATEADD(MINUTE,183,@StartRaceTime)),
(6012, 4084, DATEADD(MINUTE,184,@StartRaceTime)),
(6012, 4085, DATEADD(MINUTE,185,@StartRaceTime)),
(6012, 4086, DATEADD(MINUTE,186,@StartRaceTime)),
(6012, 4087, DATEADD(MINUTE,187,@StartRaceTime)),
(6012, 4088, DATEADD(MINUTE,188,@StartRaceTime)),
(6012, 4089, DATEADD(MINUTE,189,@StartRaceTime)),
(6012, 4090, DATEADD(MINUTE,190,@StartRaceTime)),
(6012, 4091, DATEADD(MINUTE,191,@StartRaceTime)),
(6012, 4092, DATEADD(MINUTE,192,@StartRaceTime)),
(6012, 4093, DATEADD(MINUTE,193,@StartRaceTime)),
(6012, 4094, DATEADD(MINUTE,194,@StartRaceTime)),
(6012, 4095, DATEADD(MINUTE,195,@StartRaceTime)),
(6012, 4096, DATEADD(MINUTE,196,@StartRaceTime)),
(6012, 4097, DATEADD(MINUTE,197,@StartRaceTime)),
(6012, 4098, DATEADD(MINUTE,198,@StartRaceTime)),
(6012, 4099, DATEADD(MINUTE,199,@StartRaceTime)),
(6012, 4100, DATEADD(MINUTE,100,@StartRaceTime)),
(6013, 4101, DATEADD(MINUTE,61,@StartRaceTime)),
(6013, 4102, DATEADD(MINUTE,62,@StartRaceTime)),
(6013, 4103, DATEADD(MINUTE,63,@StartRaceTime)),
(6013, 4104, DATEADD(MINUTE,64,@StartRaceTime)),
(6013, 4105, DATEADD(MINUTE,65,@StartRaceTime)),
(6013, 4106, DATEADD(MINUTE,66,@StartRaceTime)),
(6013, 4107, DATEADD(MINUTE,67,@StartRaceTime)),
(6013, 4108, DATEADD(MINUTE,68,@StartRaceTime)),
(6013, 4109, DATEADD(MINUTE,69,@StartRaceTime)),
(6013, 4110, DATEADD(MINUTE,110,@StartRaceTime)),
(6013, 4111, DATEADD(MINUTE,111,@StartRaceTime)),
(6013, 4112, DATEADD(MINUTE,112,@StartRaceTime)),
(6013, 4113, DATEADD(MINUTE,113,@StartRaceTime)),
(6013, 4114, DATEADD(MINUTE,114,@StartRaceTime)),
(6013, 4115, DATEADD(MINUTE,115,@StartRaceTime)),
(6013, 4116, DATEADD(MINUTE,116,@StartRaceTime)),
(6013, 4117, DATEADD(MINUTE,117,@StartRaceTime)),
(6013, 4118, DATEADD(MINUTE,118,@StartRaceTime)),
(6013, 4119, DATEADD(MINUTE,119,@StartRaceTime)),
(6013, 4120, DATEADD(MINUTE,120,@StartRaceTime)),
(6013, 4121, DATEADD(MINUTE,121,@StartRaceTime)),
(6013, 4122, DATEADD(MINUTE,122,@StartRaceTime)),
(6013, 4123, DATEADD(MINUTE,123,@StartRaceTime)),
(6013, 4124, DATEADD(MINUTE,124,@StartRaceTime)),
(6013, 4125, DATEADD(MINUTE,125,@StartRaceTime)),
(6013, 4126, DATEADD(MINUTE,126,@StartRaceTime)),
(6013, 4127, DATEADD(MINUTE,127,@StartRaceTime)),
(6013, 4128, DATEADD(MINUTE,128,@StartRaceTime)),
(6013, 4129, DATEADD(MINUTE,129,@StartRaceTime)),
(6013, 4130, DATEADD(MINUTE,130,@StartRaceTime)),
(6013, 4131, DATEADD(MINUTE,131,@StartRaceTime)),
(6013, 4132, DATEADD(MINUTE,132,@StartRaceTime)),
(6013, 4133, DATEADD(MINUTE,133,@StartRaceTime)),
(6013, 4134, DATEADD(MINUTE,134,@StartRaceTime)),
(6013, 4135, DATEADD(MINUTE,135,@StartRaceTime)),
(6013, 4136, DATEADD(MINUTE,136,@StartRaceTime)),
(6013, 4137, DATEADD(MINUTE,137,@StartRaceTime)),
(6013, 4138, DATEADD(MINUTE,138,@StartRaceTime)),
(6013, 4139, DATEADD(MINUTE,139,@StartRaceTime)),
(6013, 4140, DATEADD(MINUTE,140,@StartRaceTime)),
(6013, 4141, DATEADD(MINUTE,141,@StartRaceTime)),
(6013, 4142, DATEADD(MINUTE,142,@StartRaceTime)),
(6013, 4143, DATEADD(MINUTE,143,@StartRaceTime)),
(6013, 4144, DATEADD(MINUTE,144,@StartRaceTime)),
(6013, 4145, DATEADD(MINUTE,145,@StartRaceTime)),
(6013, 4146, DATEADD(MINUTE,146,@StartRaceTime)),
(6013, 4147, DATEADD(MINUTE,147,@StartRaceTime)),
(6013, 4148, DATEADD(MINUTE,148,@StartRaceTime)),
(6013, 4149, DATEADD(MINUTE,149,@StartRaceTime)),
(6013, 4150, DATEADD(MINUTE,150,@StartRaceTime)),
(6013, 4151, DATEADD(MINUTE,151,@StartRaceTime)),
(6013, 4152, DATEADD(MINUTE,152,@StartRaceTime)),
(6013, 4153, DATEADD(MINUTE,153,@StartRaceTime)),
(6013, 4154, DATEADD(MINUTE,154,@StartRaceTime)),
(6013, 4155, DATEADD(MINUTE,155,@StartRaceTime)),
(6013, 4156, DATEADD(MINUTE,156,@StartRaceTime)),
(6013, 4157, DATEADD(MINUTE,157,@StartRaceTime)),
(6013, 4158, DATEADD(MINUTE,158,@StartRaceTime)),
(6013, 4159, DATEADD(MINUTE,159,@StartRaceTime)),
(6013, 4160, DATEADD(MINUTE,160,@StartRaceTime)),
(6013, 4161, DATEADD(MINUTE,161,@StartRaceTime)),
(6013, 4162, DATEADD(MINUTE,162,@StartRaceTime)),
(6013, 4163, DATEADD(MINUTE,163,@StartRaceTime)),
(6013, 4164, DATEADD(MINUTE,164,@StartRaceTime)),
(6013, 4165, DATEADD(MINUTE,165,@StartRaceTime)),
(6013, 4166, DATEADD(MINUTE,166,@StartRaceTime)),
(6013, 4167, DATEADD(MINUTE,167,@StartRaceTime)),
(6013, 4168, DATEADD(MINUTE,168,@StartRaceTime)),
(6013, 4169, DATEADD(MINUTE,169,@StartRaceTime)),
(6013, 4170, DATEADD(MINUTE,170,@StartRaceTime)),
(6013, 4171, DATEADD(MINUTE,171,@StartRaceTime)),
(6013, 4172, DATEADD(MINUTE,172,@StartRaceTime)),
(6013, 4173, DATEADD(MINUTE,173,@StartRaceTime)),
(6013, 4174, DATEADD(MINUTE,174,@StartRaceTime)),
(6013, 4175, DATEADD(MINUTE,175,@StartRaceTime)),
(6013, 4176, DATEADD(MINUTE,176,@StartRaceTime)),
(6013, 4177, DATEADD(MINUTE,177,@StartRaceTime)),
(6013, 4178, DATEADD(MINUTE,178,@StartRaceTime)),
(6013, 4179, DATEADD(MINUTE,179,@StartRaceTime)),
(6013, 4180, DATEADD(MINUTE,180,@StartRaceTime)),
(6013, 4181, DATEADD(MINUTE,181,@StartRaceTime)),
(6013, 4182, DATEADD(MINUTE,182,@StartRaceTime)),
(6013, 4183, DATEADD(MINUTE,183,@StartRaceTime)),
(6013, 4184, DATEADD(MINUTE,184,@StartRaceTime)),
(6013, 4185, DATEADD(MINUTE,185,@StartRaceTime)),
(6013, 4186, DATEADD(MINUTE,186,@StartRaceTime)),
(6013, 4187, DATEADD(MINUTE,187,@StartRaceTime)),
(6013, 4188, DATEADD(MINUTE,188,@StartRaceTime)),
(6013, 4189, DATEADD(MINUTE,189,@StartRaceTime)),
(6013, 4190, DATEADD(MINUTE,190,@StartRaceTime)),
(6013, 4191, DATEADD(MINUTE,191,@StartRaceTime)),
(6013, 4192, DATEADD(MINUTE,192,@StartRaceTime)),
(6013, 4193, DATEADD(MINUTE,193,@StartRaceTime)),
(6013, 4194, DATEADD(MINUTE,194,@StartRaceTime)),
(6013, 4195, DATEADD(MINUTE,195,@StartRaceTime)),
(6013, 4196, DATEADD(MINUTE,196,@StartRaceTime)),
(6013, 4197, DATEADD(MINUTE,197,@StartRaceTime)),
(6013, 4198, DATEADD(MINUTE,198,@StartRaceTime)),
(6013, 4199, DATEADD(MINUTE,199,@StartRaceTime)),
(6013, 4200, DATEADD(MINUTE,100,@StartRaceTime))

INSERT INTO [plt].[EntityOrganization] ([EntityInfoId],[EntityTypeId],[OrganizationId],[EntityStateId]) 
VALUES
(1001, 1, 2001, 2),
-- Organization
(2001,2,2001,6),
(2002,2,2002,6),
(2003,2,2003,6),
(2004,2,2004,6),
(2005,2,2005,6),
(2006,2,2006,6),
(2007,2,2007,6),
(2008,2,2008,6),
(2009,2,2009,6),
(2010,2,2010,6),
(2100,2,2100,6),
(2110,2,2110,6),
(2120,2,2120,6),
(2130,2,2130,6),
(2140,2,2140,6),
(2150,2,2150,6),
(2200,2,2200,6),
(2210,2,2210,6),
(2220,2,2220,6),
(2230,2,2230,6),
(2240,2,2240,6),
(2250,2,2250,6),
--
(3001,3,2001,12),
(3002,3,2001,12),
(3003,3,2001,12),
(3004,3,2001,12),
(3005,3,2001,12),
(3006,3,2001,12),
(3007,3,2001,12),
(3008,3,2001,12),
(3009,3,2001,12),
(3010,3,2001,12),
(3011,3,2001,12),
(3012,3,2001,12),
(3013,3,2001,12),
(3014,3,2001,12),
(3015,3,2001,12),
(3016,3,2001,12),
(3017,3,2001,12),
(3018,3,2001,12),
(3019,3,2001,12),
(3020,3,2001,12),
(3021,3,2001,12),
(3022,3,2001,12),
(3023,3,2001,12),
(3024,3,2001,12),
(3025,3,2001,12),
(3026,3,2001,12),
(3027,3,2001,12),
(3028,3,2001,12),
(3029,3,2001,12),
(3030,3,2001,12),
(3031,3,2001,12),
(3032,3,2001,12),
(3033,3,2001,12),
(3034,3,2001,12),
(3035,3,2001,12),
(3036,3,2001,12),
(3037,3,2001,12),
(3038,3,2001,12),
(3039,3,2001,12),
(3040,3,2001,12),
(3041,3,2002,12),
(3042,3,2002,12),
(3043,3,2002,12),
(3044,3,2002,12),
(3045,3,2002,12),
(3046,3,2002,12),
(3047,3,2002,12),
(3048,3,2002,12),
(3049,3,2002,12),
(3050,3,2002,12),
(3051,3,2002,12),
(3052,3,2002,12),
(3053,3,2002,12),
(3054,3,2002,12),
(3055,3,2002,12),
(3056,3,2002,12),
(3057,3,2002,12),
(3058,3,2002,12),
(3059,3,2002,12),
(3060,3,2002,12),
(3061,3,2002,12),
(3062,3,2002,12),
(3063,3,2002,12),
(3064,3,2002,12),
(3065,3,2002,12),
(3066,3,2002,12),
(3067,3,2002,12),
(3068,3,2002,12),
(3069,3,2002,12),
(3070,3,2002,12),
(3071,3,2003,12),
(3072,3,2003,12),
(3073,3,2003,12),
(3074,3,2003,12),
(3075,3,2003,12),
(3076,3,2003,12),
(3077,3,2003,12),
(3078,3,2003,12),
(3079,3,2003,12),
(3080,3,2003,12),
(3081,3,2003,12),
(3082,3,2003,12),
(3083,3,2003,12),
(3084,3,2003,12),
(3085,3,2003,12),
(3086,3,2003,12),
(3087,3,2003,12),
(3088,3,2003,12),
(3089,3,2003,12),
(3090,3,2003,12),
(3091,3,2003,12),
(3092,3,2003,12),
(3093,3,2003,12),
(3094,3,2003,12),
(3095,3,2003,12),
(3096,3,2003,12),
(3097,3,2003,12),
(3098,3,2003,12),
(3099,3,2003,12),
(3100,3,2003,12),
(3101,3,2003,12),
(3102,3,2003,12),
(3103,3,2003,12),
(3104,3,2003,12),
(3105,3,2003,12),
--Pigeon
(4001,4,2001,17),
(4002,4,2001,17),
(4003,4,2001,17),
(4004,4,2001,17),
(4005,4,2001,17),
(4006,4,2001,17),
(4007,4,2001,17),
(4008,4,2001,17),
(4009,4,2001,17),
(4010,4,2001,17),
(4011,4,2001,17),
(4012,4,2001,17),
(4013,4,2001,17),
(4014,4,2001,17),
(4015,4,2001,17),
(4016,4,2001,17),
(4017,4,2001,17),
(4018,4,2001,17),
(4019,4,2001,17),
(4020,4,2001,17),
(4021,4,2001,17),
(4022,4,2001,17),
(4023,4,2001,17),
(4024,4,2001,17),
(4025,4,2001,17),
(4026,4,2001,17),
(4027,4,2001,17),
(4028,4,2001,17),
(4029,4,2001,17),
(4030,4,2001,17),
(4031,4,2001,17),
(4032,4,2001,17),
(4033,4,2001,17),
(4034,4,2001,17),
(4035,4,2001,17),
(4036,4,2001,17),
(4037,4,2001,17),
(4038,4,2001,17),
(4039,4,2001,17),
(4040,4,2001,17),
(4041,4,2001,17),
(4042,4,2001,17),
(4043,4,2001,17),
(4044,4,2001,17),
(4045,4,2001,17),
(4046,4,2001,17),
(4047,4,2001,17),
(4048,4,2001,17),
(4049,4,2001,17),
(4050,4,2001,17),
(4051,4,2001,17),
(4052,4,2001,17),
(4053,4,2001,17),
(4054,4,2001,17),
(4055,4,2001,17),
(4056,4,2001,17),
(4057,4,2001,17),
(4058,4,2001,17),
(4059,4,2001,17),
(4060,4,2001,17),
(4061,4,2001,17),
(4062,4,2001,17),
(4063,4,2001,17),
(4064,4,2001,17),
(4065,4,2001,17),
(4066,4,2001,17),
(4067,4,2001,17),
(4068,4,2001,17),
(4069,4,2001,17),
(4070,4,2001,17),
(4071,4,2001,17),
(4072,4,2001,17),
(4073,4,2001,17),
(4074,4,2001,17),
(4075,4,2001,17),
(4076,4,2001,17),
(4077,4,2001,17),
(4078,4,2001,17),
(4079,4,2001,17),
(4080,4,2001,17),
(4081,4,2001,17),
(4082,4,2001,17),
(4083,4,2001,17),
(4084,4,2001,17),
(4085,4,2001,17),
(4086,4,2001,17),
(4087,4,2001,17),
(4088,4,2001,17),
(4089,4,2001,17),
(4090,4,2001,17),
(4091,4,2001,17),
(4092,4,2001,17),
(4093,4,2001,17),
(4094,4,2001,17),
(4095,4,2001,17),
(4096,4,2001,17),
(4097,4,2001,17),
(4098,4,2001,17),
(4099,4,2001,17),
(4100,4,2001,17),
(4101,4,2001,17),
(4102,4,2001,17),
(4103,4,2001,17),
(4104,4,2001,17),
(4105,4,2001,17),
(4106,4,2001,17),
(4107,4,2001,17),
(4108,4,2001,17),
(4109,4,2001,17),
(4110,4,2001,17),
(4111,4,2001,17),
(4112,4,2001,17),
(4113,4,2001,17),
(4114,4,2001,17),
(4115,4,2001,17),
(4116,4,2001,17),
(4117,4,2001,17),
(4118,4,2001,17),
(4119,4,2001,17),
(4120,4,2001,17),
(4121,4,2001,17),
(4122,4,2001,17),
(4123,4,2001,17),
(4124,4,2001,17),
(4125,4,2001,17),
(4126,4,2001,17),
(4127,4,2001,17),
(4128,4,2001,17),
(4129,4,2001,17),
(4130,4,2001,17),
(4131,4,2001,17),
(4132,4,2001,17),
(4133,4,2001,17),
(4134,4,2001,17),
(4135,4,2001,17),
(4136,4,2001,17),
(4137,4,2001,17),
(4138,4,2001,17),
(4139,4,2001,17),
(4140,4,2001,17),
(4141,4,2001,17),
(4142,4,2001,17),
(4143,4,2001,17),
(4144,4,2001,17),
(4145,4,2001,17),
(4146,4,2001,17),
(4147,4,2001,17),
(4148,4,2001,17),
(4149,4,2001,17),
(4150,4,2001,17),
(4151,4,2001,17),
(4152,4,2001,17),
(4153,4,2001,17),
(4154,4,2001,17),
(4155,4,2001,17),
(4156,4,2001,17),
(4157,4,2001,17),
(4158,4,2001,17),
(4159,4,2001,17),
(4160,4,2001,17),
(4161,4,2001,17),
(4162,4,2001,17),
(4163,4,2001,17),
(4164,4,2001,17),
(4165,4,2001,17),
(4166,4,2001,17),
(4167,4,2001,17),
(4168,4,2001,17),
(4169,4,2001,17),
(4170,4,2001,17),
(4171,4,2001,17),
(4172,4,2001,17),
(4173,4,2001,17),
(4174,4,2001,17),
(4175,4,2001,17),
(4176,4,2001,17),
(4177,4,2001,17),
(4178,4,2001,17),
(4179,4,2001,17),
(4180,4,2001,17),
(4181,4,2001,17),
(4182,4,2001,17),
(4183,4,2001,17),
(4184,4,2001,17),
(4185,4,2001,17),
(4186,4,2001,17),
(4187,4,2001,17),
(4188,4,2001,17),
(4189,4,2001,17),
(4190,4,2001,17),
(4191,4,2001,17),
(4192,4,2001,17),
(4193,4,2001,17),
(4194,4,2001,17),
(4195,4,2001,17),
(4196,4,2001,17),
(4197,4,2001,17),
(4198,4,2001,17),
(4199,4,2001,17),
(4200,4,2001,17),
(4201,4,2001,17),
(4202,4,2001,17),
(4203,4,2001,17),
(4204,4,2001,17),
(4205,4,2001,17),
(4206,4,2001,17),
(4207,4,2001,17),
(4208,4,2001,17),
(4209,4,2001,17),
(4210,4,2001,17),
(4211,4,2001,17),
(4212,4,2001,17),
(4213,4,2001,17),
(4214,4,2001,17),
(4215,4,2001,17),
(4216,4,2001,17),
(4217,4,2001,17),
(4218,4,2001,17),
(4219,4,2001,17),
(4220,4,2001,17),
(4221,4,2001,17),
(4222,4,2001,17),
(4223,4,2001,17),
(4224,4,2001,17),
(4225,4,2001,17),
(4226,4,2001,17),
(4227,4,2001,17),
(4228,4,2001,17),
(4229,4,2001,17),
(4230,4,2001,17),
(4231,4,2001,17),
(4232,4,2001,17),
(4233,4,2001,17),
(4234,4,2001,17),
(4235,4,2001,17),
(4236,4,2001,17),
(4237,4,2001,17),
(4238,4,2001,17),
(4239,4,2001,17),
(4240,4,2001,17),
(4241,4,2001,17),
(4242,4,2001,17),
(4243,4,2001,17),
(4244,4,2001,17),
(4245,4,2001,17),
(4246,4,2001,17),
(4247,4,2001,17),
(4248,4,2001,17),
(4249,4,2001,17),
(4250,4,2001,17),
(4251,4,2001,17),
(4252,4,2001,17),
(4253,4,2001,17),
(4254,4,2001,17),
(4255,4,2001,17),
(4256,4,2001,17),
(4257,4,2001,17),
(4258,4,2001,17),
(4259,4,2001,17),
(4260,4,2001,17),
(4261,4,2001,17),
(4262,4,2001,17),
(4263,4,2001,17),
(4264,4,2001,17),
(4265,4,2001,17),
(4266,4,2001,17),
(4267,4,2001,17),
(4268,4,2001,17),
(4269,4,2001,17),
(4270,4,2001,17),
(4271,4,2001,17),
(4272,4,2001,17),
(4273,4,2001,17),
(4274,4,2001,17),
(4275,4,2001,17),
(4276,4,2001,17),
(4277,4,2001,17),
(4278,4,2001,17),
(4279,4,2001,17),
(4280,4,2001,17),
(4281,4,2001,17),
(4282,4,2001,17),
(4283,4,2001,17),
(4284,4,2001,17),
(4285,4,2001,17),
(4286,4,2001,17),
(4287,4,2001,17),
(4288,4,2001,17),
(4289,4,2001,17),
(4290,4,2001,17),
(4291,4,2001,17),
(4292,4,2001,17),
(4293,4,2001,17),
(4294,4,2001,17),
(4295,4,2001,17),
(4296,4,2001,17),
(4297,4,2001,17),
(4298,4,2001,17),
(4299,4,2001,17),
(4300,4,2001,17),
--Season
(5001,5,2001,22),
(5002,5,2001,22),
(5003,5,2002,22),
(5004,5,2002,22),
--Race
(6001,6,2001,27),
(6002,6,2001,27),
(6003,6,2001,27),
(6004,6,2001,27),
(6005,6,2001,27),
(6006,6,2001,27),
(6007,6,2001,26),
(6008,6,2001,26),
(6009,6,2001,26),
(6010,6,2001,26),
(6011,6,2001,26),
(6012,6,2001,26),
(6013,6,2001,26),
(6014,6,2001,26),
(6015,6,2001,26),
(6016,6,2001,26),
(6017,6,2001,26),
--Point
(10001,10,2001,41),
(10002,10,2001,41),
(10003,10,2001,41),
(10004,10,2001,42),
(10005,10,2001,42),
(10006,10,2001,42),
(10007,10,2001,42),
(10008,10,2001,42),
(10009,10,2001,42),
(10010,10,2001,42)

INSERT INTO [acc].[UserRole] ([UserId], [OrganizationId], [RoleId]) VALUES
(1001, 2001, 2)
